HMDB0000023,O00204|Q08426|Q16836|P31937|P22309|Q6NVY1
HMDB0000050,P21589|Q96P26|Q9BXI3|Q8TCD5|P27707|Q9NPB1|P55263|Q96HN2|P23526|O43865|P00813|P30542|P29274|P33765|P29275|Q9H0P0|Q8TB61|P49902|P00491|Q9H1N7|Q9NZK5
HMDB0000056,P80404|P49189|P30838|P49419|P47895|P05091|P51648|P30837|Q96KN2|P22309|P48448|P43353|Q9UBR1|Q05329|Q99259|P31641|Q8TF71|A5YM72
HMDB0000062,P43155|P47989|P05164|Q9UKG9|Q92523|P50416|P23786|Q8TCG5|O75936|Q9Y6L6|P23141|O76082|Q9H015|O43772|Q86VW1|Q8N8R3
HMDB0000067,P04180|P38571|P19835|O00204|P08842|O75908|P22680|P35610|Q9UBM7|P05108|Q02318|O95477|P02647|Q15392|P08183|Q9UNQ0|P35398|O95992|Q9Y6A2|P04180|P38571|P19835|O00204|P08842|O75908|P22680|P35610|Q9UBM7|P05108|Q02318|O95477|P02647|Q15392|P08183|Q9UNQ0|P35398|O95992|Q9Y6A2|P04180|P38571|P19835|O00204|P08842|O75908|P22680|P35610|Q9UBM7|P05108|Q02318|O95477|P02647|Q15392|P08183|Q9UNQ0|P35398|O95992|Q9Y6A2|P04180|P38571|P19835|O00204|P08842|O75908|P22680|P35610|Q9UBM7|P05108|Q02318|O95477|P02647|Q15392|P08183|Q9UNQ0|P35398|O95992|Q9Y6A2|P04180|P38571|P19835|O00204|P08842|O75908|P22680|P35610|Q9UBM7|P05108|Q02318|O95477|P02647|Q15392|P08183|Q9UNQ0|P35398|O95992|Q9Y6A2|P04180|P38571|P19835|O00204|P08842|O75908|P22680|P35610|Q9UBM7|P05108|Q02318|O95477|P02647|Q15392|P08183|Q9UNQ0|P35398|O95992|Q9Y6A2|P04180|P38571|P19835|O00204|P08842|O75908|P22680|P35610|Q9UBM7|P05108|Q02318|O95477|P02647|Q15392|P08183|Q9UNQ0|P35398|O95992|Q9Y6A2|P04180|P38571|P19835|O00204|P08842|O75908|P22680|P35610|Q9UBM7|P05108|Q02318|O95477|P02647|Q15392|P08183|Q9UNQ0|P35398|O95992|Q9Y6A2|P04180|P38571|P19835|O00204|P08842|O75908|P22680|P35610|Q9UBM7|P05108|Q02318|O95477|P02647|Q15392|P08183|Q9UNQ0|P35398|O95992|Q9Y6A2|P04180|P38571|P19835|O00204|P08842|O75908|P22680|P35610|Q9UBM7|P05108|Q02318|O95477|P02647|Q15392|P08183|Q9UNQ0|P35398|O95992|Q9Y6A2|P04180|P38571|P19835|O00204|P08842|O75908|P22680|P35610|Q9UBM7|P05108|Q02318|O95477|P02647|Q15392|P08183|Q9UNQ0|P35398|O95992|Q9Y6A2|P04180|P38571|P19835|O00204|P08842|O75908|P22680|P35610|Q9UBM7|P05108|Q02318|O95477|P02647|Q15392|P08183|Q9UNQ0|P35398|O95992|Q9Y6A2|P04180|P38571|P19835|O00204|P08842|O75908|P22680|P35610|Q9UBM7|P05108|Q02318|O95477|P02647|Q15392|P08183|Q9UNQ0|P35398|O95992|Q9Y6A2|P04180|P38571|P19835|O00204|P08842|O75908|P22680|P35610|Q9UBM7|P05108|Q02318|O95477|P02647|Q15392|P08183|Q9UNQ0|P35398|O95992|Q9Y6A2|P04180|P38571|P19835|O00204|P08842|O75908|P22680|P35610|Q9UBM7|P05108|Q02318|O95477|P02647|Q15392|P08183|Q9UNQ0|P35398|O95992|Q9Y6A2
HMDB0000070,Q9P0Z9|Q9P0Z9|Q9P0Z9|Q9P0Z9|Q9P0Z9|Q9P0Z9|Q9P0Z9|Q9P0Z9|Q9P0Z9|Q9P0Z9|Q9P0Z9|Q9P0Z9|Q9P0Z9|Q9P0Z9|Q9P0Z9
HMDB0000072,Q99798|P21399
HMDB0000073,P14679|P27338|P21397|P09172|P21964|P20711|P19801|Q16853|O75106|P11712|P33261|P10635|P05177|O76082|P14416|P21917|Q01959|O15245|O15244|O75751|Q9NYX4|Q9ULU8|Q86UW7|P35462|P21728
HMDB0000092,Q9UI17|P22309|Q93088|Q9H2M3
HMDB0000094,P53396|O75390|P15121|P14174|Q9Y663|Q14749|Q9BY32|P07741|P07998|Q96KN2|Q93088|O76074|Q99798|P21399|P40926|P12931|P03950|O94956|P12724|Q9BZX2|Q8N0X4|Q96RQ9|Q9ULI2|Q9GZU7|P15086|P53396|O75390|P15121|P14174|Q9Y663|Q14749|Q9BY32|P07741|P07998|Q96KN2|Q93088|O76074|Q99798|P21399|P40926|P12931|P03950|O94956|P12724|Q9BZX2|Q8N0X4|Q96RQ9|Q9ULI2|Q9GZU7|P15086|P53396|O75390|P15121|P14174|Q9Y663|Q14749|Q9BY32|P07741|P07998|Q96KN2|Q93088|O76074|Q99798|P21399|P40926|P12931|P03950|O94956|P12724|Q9BZX2|Q8N0X4|Q96RQ9|Q9ULI2|Q9GZU7|P15086|P53396|O75390|P15121|P14174|Q9Y663|Q14749|Q9BY32|P07741|P07998|Q96KN2|Q93088|O76074|Q99798|P21399|P40926|P12931|P03950|O94956|P12724|Q9BZX2|Q8N0X4|Q96RQ9|Q9ULI2|Q9GZU7|P15086|P53396|O75390|P15121|P14174|Q9Y663|Q14749|Q9BY32|P07741|P07998|Q96KN2|Q93088|O76074|Q99798|P21399|P40926|P12931|P03950|O94956|P12724|Q9BZX2|Q8N0X4|Q96RQ9|Q9ULI2|Q9GZU7|P15086|P53396|O75390|P15121|P14174|Q9Y663|Q14749|Q9BY32|P07741|P07998|Q96KN2|Q93088|O76074|Q99798|P21399|P40926|P12931|P03950|O94956|P12724|Q9BZX2|Q8N0X4|Q96RQ9|Q9ULI2|Q9GZU7|P15086|P53396|O75390|P15121|P14174|Q9Y663|Q14749|Q9BY32|P07741|P07998|Q96KN2|Q93088|O76074|Q99798|P21399|P40926|P12931|P03950|O94956|P12724|Q9BZX2|Q8N0X4|Q96RQ9|Q9ULI2|Q9GZU7|P15086|P53396|O75390|P15121|P14174|Q9Y663|Q14749|Q9BY32|P07741|P07998|Q96KN2|Q93088|O76074|Q99798|P21399|P40926|P12931|P03950|O94956|P12724|Q9BZX2|Q8N0X4|Q96RQ9|Q9ULI2|Q9GZU7|P15086|P53396|O75390|P15121|P14174|Q9Y663|Q14749|Q9BY32|P07741|P07998|Q96KN2|Q93088|O76074|Q99798|P21399|P40926|P12931|P03950|O94956|P12724|Q9BZX2|Q8N0X4|Q96RQ9|Q9ULI2|Q9GZU7|P15086|P53396|O75390|P15121|P14174|Q9Y663|Q14749|Q9BY32|P07741|P07998|Q96KN2|Q93088|O76074|Q99798|P21399|P40926|P12931|P03950|O94956|P12724|Q9BZX2|Q8N0X4|Q96RQ9|Q9ULI2|Q9GZU7|P15086|P53396|O75390|P15121|P14174|Q9Y663|Q14749|Q9BY32|P07741|P07998|Q96KN2|Q93088|O76074|Q99798|P21399|P40926|P12931|P03950|O94956|P12724|Q9BZX2|Q8N0X4|Q96RQ9|Q9ULI2|Q9GZU7|P15086|P53396|O75390|P15121|P14174|Q9Y663|Q14749|Q9BY32|P07741|P07998|Q96KN2|Q93088|O76074|Q99798|P21399|P40926|P12931|P03950|O94956|P12724|Q9BZX2|Q8N0X4|Q96RQ9|Q9ULI2|Q9GZU7|P15086|P53396|O75390|P15121|P14174|Q9Y663|Q14749|Q9BY32|P07741|P07998|Q96KN2|Q93088|O76074|Q99798|P21399|P40926|P12931|P03950|O94956|P12724|Q9BZX2|Q8N0X4|Q96RQ9|Q9ULI2|Q9GZU7|P15086|P53396|O75390|P15121|P14174|Q9Y663|Q14749|Q9BY32|P07741|P07998|Q96KN2|Q93088|O76074|Q99798|P21399|P40926|P12931|P03950|O94956|P12724|Q9BZX2|Q8N0X4|Q96RQ9|Q9ULI2|Q9GZU7|P15086|P53396|O75390|P15121|P14174|Q9Y663|Q14749|Q9BY32|P07741|P07998|Q96KN2|Q93088|O76074|Q99798|P21399|P40926|P12931|P03950|O94956|P12724|Q9BZX2|Q8N0X4|Q96RQ9|Q9ULI2|Q9GZU7|P15086
HMDB0000098,P15121|Q9UQ10|Q8WWX8|O60218|O75063|P15121|Q9UQ10|Q8WWX8|O60218|O75063|P15121|Q9UQ10|Q8WWX8|O60218|O75063|P15121|Q9UQ10|Q8WWX8|O60218|O75063|P15121|Q9UQ10|Q8WWX8|O60218|O75063|P15121|Q9UQ10|Q8WWX8|O60218|O75063|P15121|Q9UQ10|Q8WWX8|O60218|O75063|P15121|Q9UQ10|Q8WWX8|O60218|O75063|P15121|Q9UQ10|Q8WWX8|O60218|O75063|P15121|Q9UQ10|Q8WWX8|O60218|O75063|P15121|Q9UQ10|Q8WWX8|O60218|O75063|P15121|Q9UQ10|Q8WWX8|O60218|O75063|P15121|Q9UQ10|Q8WWX8|O60218|O75063|P15121|Q9UQ10|Q8WWX8|O60218|O75063|P15121|Q9UQ10|Q8WWX8|O60218|O75063
HMDB0000099,P32929|P35520|P32929|P35520|P32929|P35520|P32929|P35520|P32929|P35520|P32929|P35520|P32929|P35520|P32929|P35520|P32929|P35520|P32929|P35520|P32929|P35520|P32929|P35520|P32929|P35520|P32929|P35520|P32929|P35520
HMDB0000112,P80404|P49189|P49419|P47895|P05091|P51648|P30837|P50440|P15104|Q05329|Q99259|Q96A70|P18507|Q9UBS5|Q5JPH6|O75899|P14867|P47869|P34903|P48169|P31644|Q16445|P18505|P47870|P28472
HMDB0000115,P11413|O00204|Q9UBQ7|Q02928|P22309|Q9UJM8|Q9NYQ3|A6NDG6|Q5TCH4
HMDB0000119,P14920|P19021|Q9UBQ7|Q9BYV1|Q9UJM8|Q9NYQ3|P21549|O15427|Q6YP21|Q86XE5
HMDB0000122,P15121|P22413|P35557|P52790|P52789|P19367|P14410|O95479|P09848|Q14697|P35573|Q9BRR6|O60909|P00709|O43280|P35575|P15291|P22309|P06280|P06744|P16278|P36871|P04062|P10253|P04745
HMDB0000123,P22557|P13196|O75600|Q9P0Z9|P14920|P22102|Q9BYV1|Q14749|P15144|P50440|Q14032|P41250|P48728|P21549|P48637|P34897|Q9UL12|P34896|P23378|P28838|O60391|Q12879|Q14957|P48067|P23434|P22557|P13196|O75600|Q9P0Z9|P14920|P22102|Q9BYV1|Q14749|P15144|P50440|Q14032|P41250|P48728|P21549|P48637|P34897|Q9UL12|P34896|P23378|P28838|O60391|Q12879|Q14957|P48067|P23434|P22557|P13196|O75600|Q9P0Z9|P14920|P22102|Q9BYV1|Q14749|P15144|P50440|Q14032|P41250|P48728|P21549|P48637|P34897|Q9UL12|P34896|P23378|P28838|O60391|Q12879|Q14957|P48067|P23434|P22557|P13196|O75600|Q9P0Z9|P14920|P22102|Q9BYV1|Q14749|P15144|P50440|Q14032|P41250|P48728|P21549|P48637|P34897|Q9UL12|P34896|P23378|P28838|O60391|Q12879|Q14957|P48067|P23434|P22557|P13196|O75600|Q9P0Z9|P14920|P22102|Q9BYV1|Q14749|P15144|P50440|Q14032|P41250|P48728|P21549|P48637|P34897|Q9UL12|P34896|P23378|P28838|O60391|Q12879|Q14957|P48067|P23434|P22557|P13196|O75600|Q9P0Z9|P14920|P22102|Q9BYV1|Q14749|P15144|P50440|Q14032|P41250|P48728|P21549|P48637|P34897|Q9UL12|P34896|P23378|P28838|O60391|Q12879|Q14957|P48067|P23434|P22557|P13196|O75600|Q9P0Z9|P14920|P22102|Q9BYV1|Q14749|P15144|P50440|Q14032|P41250|P48728|P21549|P48637|P34897|Q9UL12|P34896|P23378|P28838|O60391|Q12879|Q14957|P48067|P23434|P22557|P13196|O75600|Q9P0Z9|P14920|P22102|Q9BYV1|Q14749|P15144|P50440|Q14032|P41250|P48728|P21549|P48637|P34897|Q9UL12|P34896|P23378|P28838|O60391|Q12879|Q14957|P48067|P23434|P22557|P13196|O75600|Q9P0Z9|P14920|P22102|Q9BYV1|Q14749|P15144|P50440|Q14032|P41250|P48728|P21549|P48637|P34897|Q9UL12|P34896|P23378|P28838|O60391|Q12879|Q14957|P48067|P23434|P22557|P13196|O75600|Q9P0Z9|P14920|P22102|Q9BYV1|Q14749|P15144|P50440|Q14032|P41250|P48728|P21549|P48637|P34897|Q9UL12|P34896|P23378|P28838|O60391|Q12879|Q14957|P48067|P23434|P22557|P13196|O75600|Q9P0Z9|P14920|P22102|Q9BYV1|Q14749|P15144|P50440|Q14032|P41250|P48728|P21549|P48637|P34897|Q9UL12|P34896|P23378|P28838|O60391|Q12879|Q14957|P48067|P23434|P22557|P13196|O75600|Q9P0Z9|P14920|P22102|Q9BYV1|Q14749|P15144|P50440|Q14032|P41250|P48728|P21549|P48637|P34897|Q9UL12|P34896|P23378|P28838|O60391|Q12879|Q14957|P48067|P23434|P22557|P13196|O75600|Q9P0Z9|P14920|P22102|Q9BYV1|Q14749|P15144|P50440|Q14032|P41250|P48728|P21549|P48637|P34897|Q9UL12|P34896|P23378|P28838|O60391|Q12879|Q14957|P48067|P23434|P22557|P13196|O75600|Q9P0Z9|P14920|P22102|Q9BYV1|Q14749|P15144|P50440|Q14032|P41250|P48728|P21549|P48637|P34897|Q9UL12|P34896|P23378|P28838|O60391|Q12879|Q14957|P48067|P23434|P22557|P13196|O75600|Q9P0Z9|P14920|P22102|Q9BYV1|Q14749|P15144|P50440|Q14032|P41250|P48728|P21549|P48637|P34897|Q9UL12|P34896|P23378|P28838|O60391|Q12879|Q14957|P48067|P23434|P22557|P13196|O75600|Q9P0Z9|P14920|P22102|Q9BYV1|Q14749|P15144|P50440|Q14032|P41250|P48728|P21549|P48637|P34897|Q9UL12|P34896|P23378|P28838|O60391|Q12879|Q14957|P48067|P23434
HMDB0000125,O14684|P00390|P30041|Q04760|P10768|P19440|Q9UJ14|P48637|Q16873|P28161|Q96SL4|O75715|P09488|Q16775|Q9Y2Q3|O14880|P21266|P08263|O43708|P10620|Q03013|P46439|Q99735|P78417|Q7RTV2
HMDB0000126,P43304|Q14410|P32189|P21695|Q9HCL2|Q14409|Q86UL3|Q32NB8|Q8N335|Q53EU6|Q86T70|Q9NZC3|Q6NUI2|Q6ZS86|Q5FWF5|Q3LIE5|Q9NPB8
HMDB0000131,Q9NZK7|P15121|Q92523|P50416|P06858|P23786|Q99685|P12429|O43252|P09848|P17050|P14550|Q05469|P06280|P11766|P00325|P40394|P07327|P28332|P00326|P09211|Q14410|P32189|P16278|P37173|Q9NZK7|P15121|Q92523|P50416|P06858|P23786|Q99685|P12429|O43252|P09848|P17050|P14550|Q05469|P06280|P11766|P00325|P40394|P07327|P28332|P00326|P09211|Q14410|P32189|P16278|P37173|Q9NZK7|P15121|Q92523|P50416|P06858|P23786|Q99685|P12429|O43252|P09848|P17050|P14550|Q05469|P06280|P11766|P00325|P40394|P07327|P28332|P00326|P09211|Q14410|P32189|P16278|P37173|Q9NZK7|P15121|Q92523|P50416|P06858|P23786|Q99685|P12429|O43252|P09848|P17050|P14550|Q05469|P06280|P11766|P00325|P40394|P07327|P28332|P00326|P09211|Q14410|P32189|P16278|P37173|Q9NZK7|P15121|Q92523|P50416|P06858|P23786|Q99685|P12429|O43252|P09848|P17050|P14550|Q05469|P06280|P11766|P00325|P40394|P07327|P28332|P00326|P09211|Q14410|P32189|P16278|P37173|Q9NZK7|P15121|Q92523|P50416|P06858|P23786|Q99685|P12429|O43252|P09848|P17050|P14550|Q05469|P06280|P11766|P00325|P40394|P07327|P28332|P00326|P09211|Q14410|P32189|P16278|P37173|Q9NZK7|P15121|Q92523|P50416|P06858|P23786|Q99685|P12429|O43252|P09848|P17050|P14550|Q05469|P06280|P11766|P00325|P40394|P07327|P28332|P00326|P09211|Q14410|P32189|P16278|P37173|Q9NZK7|P15121|Q92523|P50416|P06858|P23786|Q99685|P12429|O43252|P09848|P17050|P14550|Q05469|P06280|P11766|P00325|P40394|P07327|P28332|P00326|P09211|Q14410|P32189|P16278|P37173|Q9NZK7|P15121|Q92523|P50416|P06858|P23786|Q99685|P12429|O43252|P09848|P17050|P14550|Q05469|P06280|P11766|P00325|P40394|P07327|P28332|P00326|P09211|Q14410|P32189|P16278|P37173|Q9NZK7|P15121|Q92523|P50416|P06858|P23786|Q99685|P12429|O43252|P09848|P17050|P14550|Q05469|P06280|P11766|P00325|P40394|P07327|P28332|P00326|P09211|Q14410|P32189|P16278|P37173|Q9NZK7|P15121|Q92523|P50416|P06858|P23786|Q99685|P12429|O43252|P09848|P17050|P14550|Q05469|P06280|P11766|P00325|P40394|P07327|P28332|P00326|P09211|Q14410|P32189|P16278|P37173|Q9NZK7|P15121|Q92523|P50416|P06858|P23786|Q99685|P12429|O43252|P09848|P17050|P14550|Q05469|P06280|P11766|P00325|P40394|P07327|P28332|P00326|P09211|Q14410|P32189|P16278|P37173|Q9NZK7|P15121|Q92523|P50416|P06858|P23786|Q99685|P12429|O43252|P09848|P17050|P14550|Q05469|P06280|P11766|P00325|P40394|P07327|P28332|P00326|P09211|Q14410|P32189|P16278|P37173|Q9NZK7|P15121|Q92523|P50416|P06858|P23786|Q99685|P12429|O43252|P09848|P17050|P14550|Q05469|P06280|P11766|P00325|P40394|P07327|P28332|P00326|P09211|Q14410|P32189|P16278|P37173|Q9NZK7|P15121|Q92523|P50416|P06858|P23786|Q99685|P12429|O43252|P09848|P17050|P14550|Q05469|P06280|P11766|P00325|P40394|P07327|P28332|P00326|P09211|Q14410|P32189|P16278|P37173
HMDB0000133,P21589|Q96P26|Q9BXI3|Q8TCD5|Q9NPB1|Q9H0P0|P49902|P00491
HMDB0000134,Q99643|P31040|O14521|P21912|P09172|P30566|P04424|P16930|P07954|P23368|B1ANK7|Q6P587
HMDB0000139,P49189|P49419|P47895|P05091|P51648|P30837|Q9UBQ7|Q8IVS8|P49189|P49419|P47895|P05091|P51648|P30837|Q9UBQ7|Q8IVS8|P49189|P49419|P47895|P05091|P51648|P30837|Q9UBQ7|Q8IVS8|P49189|P49419|P47895|P05091|P51648|P30837|Q9UBQ7|Q8IVS8|P49189|P49419|P47895|P05091|P51648|P30837|Q9UBQ7|Q8IVS8|P49189|P49419|P47895|P05091|P51648|P30837|Q9UBQ7|Q8IVS8|P49189|P49419|P47895|P05091|P51648|P30837|Q9UBQ7|Q8IVS8|P49189|P49419|P47895|P05091|P51648|P30837|Q9UBQ7|Q8IVS8|P49189|P49419|P47895|P05091|P51648|P30837|Q9UBQ7|Q8IVS8|P49189|P49419|P47895|P05091|P51648|P30837|Q9UBQ7|Q8IVS8|P49189|P49419|P47895|P05091|P51648|P30837|Q9UBQ7|Q8IVS8|P49189|P49419|P47895|P05091|P51648|P30837|Q9UBQ7|Q8IVS8|P49189|P49419|P47895|P05091|P51648|P30837|Q9UBQ7|Q8IVS8|P49189|P49419|P47895|P05091|P51648|P30837|Q9UBQ7|Q8IVS8|P49189|P49419|P47895|P05091|P51648|P30837|Q9UBQ7|Q8IVS8
HMDB0000143,P15121|P52790|P52789|P19367|P54803|P09848|P06280|P16278|Q01415|P51570|P34059|O43451|Q8TET4|Q5KU26|Q2TB90|P15121|P52790|P52789|P19367|P54803|P09848|P06280|P16278|Q01415|P51570|P34059|O43451|Q8TET4|Q5KU26|Q2TB90|P15121|P52790|P52789|P19367|P54803|P09848|P06280|P16278|Q01415|P51570|P34059|O43451|Q8TET4|Q5KU26|Q2TB90|P15121|P52790|P52789|P19367|P54803|P09848|P06280|P16278|Q01415|P51570|P34059|O43451|Q8TET4|Q5KU26|Q2TB90|P15121|P52790|P52789|P19367|P54803|P09848|P06280|P16278|Q01415|P51570|P34059|O43451|Q8TET4|Q5KU26|Q2TB90|P15121|P52790|P52789|P19367|P54803|P09848|P06280|P16278|Q01415|P51570|P34059|O43451|Q8TET4|Q5KU26|Q2TB90|P15121|P52790|P52789|P19367|P54803|P09848|P06280|P16278|Q01415|P51570|P34059|O43451|Q8TET4|Q5KU26|Q2TB90|P15121|P52790|P52789|P19367|P54803|P09848|P06280|P16278|Q01415|P51570|P34059|O43451|Q8TET4|Q5KU26|Q2TB90|P15121|P52790|P52789|P19367|P54803|P09848|P06280|P16278|Q01415|P51570|P34059|O43451|Q8TET4|Q5KU26|Q2TB90|P15121|P52790|P52789|P19367|P54803|P09848|P06280|P16278|Q01415|P51570|P34059|O43451|Q8TET4|Q5KU26|Q2TB90|P15121|P52790|P52789|P19367|P54803|P09848|P06280|P16278|Q01415|P51570|P34059|O43451|Q8TET4|Q5KU26|Q2TB90|P15121|P52790|P52789|P19367|P54803|P09848|P06280|P16278|Q01415|P51570|P34059|O43451|Q8TET4|Q5KU26|Q2TB90|P15121|P52790|P52789|P19367|P54803|P09848|P06280|P16278|Q01415|P51570|P34059|O43451|Q8TET4|Q5KU26|Q2TB90|P15121|P52790|P52789|P19367|P54803|P09848|P06280|P16278|Q01415|P51570|P34059|O43451|Q8TET4|Q5KU26|Q2TB90|P15121|P52790|P52789|P19367|P54803|P09848|P06280|P16278|Q01415|P51570|P34059|O43451|Q8TET4|Q5KU26|Q2TB90
HMDB0000148,P30038|P00390|O94808|Q06210|P80404|P17735|P17174|P00505|P54687|Q06203|Q8N5Z0|Q9BYV1|P04181|Q16773|P48506|P48507|Q8N159|O15382|P07814|P08243|P49915|P49448|P15104|Q9UI32|P17812|P30038|P00390|O94808|Q06210|P80404|P17735|P17174|P00505|P54687|Q06203|Q8N5Z0|Q9BYV1|P04181|Q16773|P48506|P48507|Q8N159|O15382|P07814|P08243|P49915|P49448|P15104|Q9UI32|P17812|P30038|P00390|O94808|Q06210|P80404|P17735|P17174|P00505|P54687|Q06203|Q8N5Z0|Q9BYV1|P04181|Q16773|P48506|P48507|Q8N159|O15382|P07814|P08243|P49915|P49448|P15104|Q9UI32|P17812|P30038|P00390|O94808|Q06210|P80404|P17735|P17174|P00505|P54687|Q06203|Q8N5Z0|Q9BYV1|P04181|Q16773|P48506|P48507|Q8N159|O15382|P07814|P08243|P49915|P49448|P15104|Q9UI32|P17812|P30038|P00390|O94808|Q06210|P80404|P17735|P17174|P00505|P54687|Q06203|Q8N5Z0|Q9BYV1|P04181|Q16773|P48506|P48507|Q8N159|O15382|P07814|P08243|P49915|P49448|P15104|Q9UI32|P17812|P30038|P00390|O94808|Q06210|P80404|P17735|P17174|P00505|P54687|Q06203|Q8N5Z0|Q9BYV1|P04181|Q16773|P48506|P48507|Q8N159|O15382|P07814|P08243|P49915|P49448|P15104|Q9UI32|P17812|P30038|P00390|O94808|Q06210|P80404|P17735|P17174|P00505|P54687|Q06203|Q8N5Z0|Q9BYV1|P04181|Q16773|P48506|P48507|Q8N159|O15382|P07814|P08243|P49915|P49448|P15104|Q9UI32|P17812|P30038|P00390|O94808|Q06210|P80404|P17735|P17174|P00505|P54687|Q06203|Q8N5Z0|Q9BYV1|P04181|Q16773|P48506|P48507|Q8N159|O15382|P07814|P08243|P49915|P49448|P15104|Q9UI32|P17812|P30038|P00390|O94808|Q06210|P80404|P17735|P17174|P00505|P54687|Q06203|Q8N5Z0|Q9BYV1|P04181|Q16773|P48506|P48507|Q8N159|O15382|P07814|P08243|P49915|P49448|P15104|Q9UI32|P17812|P30038|P00390|O94808|Q06210|P80404|P17735|P17174|P00505|P54687|Q06203|Q8N5Z0|Q9BYV1|P04181|Q16773|P48506|P48507|Q8N159|O15382|P07814|P08243|P49915|P49448|P15104|Q9UI32|P17812|P30038|P00390|O94808|Q06210|P80404|P17735|P17174|P00505|P54687|Q06203|Q8N5Z0|Q9BYV1|P04181|Q16773|P48506|P48507|Q8N159|O15382|P07814|P08243|P49915|P49448|P15104|Q9UI32|P17812|P30038|P00390|O94808|Q06210|P80404|P17735|P17174|P00505|P54687|Q06203|Q8N5Z0|Q9BYV1|P04181|Q16773|P48506|P48507|Q8N159|O15382|P07814|P08243|P49915|P49448|P15104|Q9UI32|P17812|P30038|P00390|O94808|Q06210|P80404|P17735|P17174|P00505|P54687|Q06203|Q8N5Z0|Q9BYV1|P04181|Q16773|P48506|P48507|Q8N159|O15382|P07814|P08243|P49915|P49448|P15104|Q9UI32|P17812|P30038|P00390|O94808|Q06210|P80404|P17735|P17174|P00505|P54687|Q06203|Q8N5Z0|Q9BYV1|P04181|Q16773|P48506|P48507|Q8N159|O15382|P07814|P08243|P49915|P49448|P15104|Q9UI32|P17812|P30038|P00390|O94808|Q06210|P80404|P17735|P17174|P00505|P54687|Q06203|Q8N5Z0|Q9BYV1|P04181|Q16773|P48506|P48507|Q8N159|O15382|P07814|P08243|P49915|P49448|P15104|Q9UI32|P17812
HMDB0000149,O14939|Q13393|Q13822|P12429|Q9Y259|P35790|Q9HBU6|P48651|O00519|Q9BVG9|Q8TCT1|Q9NVF9|Q8IV08|Q96BZ4|Q9NZC3|Q6GMR7|Q59EA4
HMDB0000150,O95336|P11413|O95479|P06737|P11217|P11216|Q15493|O95336|P11413|O95479|P06737|P11217|P11216|Q15493|O95336|P11413|O95479|P06737|P11217|P11216|Q15493|O95336|P11413|O95479|P06737|P11217|P11216|Q15493|O95336|P11413|O95479|P06737|P11217|P11216|Q15493|O95336|P11413|O95479|P06737|P11217|P11216|Q15493|O95336|P11413|O95479|P06737|P11217|P11216|Q15493|O95336|P11413|O95479|P06737|P11217|P11216|Q15493|O95336|P11413|O95479|P06737|P11217|P11216|Q15493|O95336|P11413|O95479|P06737|P11217|P11216|Q15493|O95336|P11413|O95479|P06737|P11217|P11216|Q15493|O95336|P11413|O95479|P06737|P11217|P11216|Q15493|O95336|P11413|O95479|P06737|P11217|P11216|Q15493|O95336|P11413|O95479|P06737|P11217|P11216|Q15493|O95336|P11413|O95479|P06737|P11217|P11216|Q15493
HMDB0000156,P48163|P40926|Q16798|P40925|P07954|P23368|B1ANK7
HMDB0000158,P14679|P07101|P07202|P17735|P20711|P00439|P17174|P00505|P54577|Q9Y2Z4|P36021|P11362|P00533|Q8TF71|Q96RQ9|Q6PHW0|Q8NG68|P14679|P07101|P07202|P17735|P20711|P00439|P17174|P00505|P54577|Q9Y2Z4|P36021|P11362|P00533|Q8TF71|Q96RQ9|Q6PHW0|Q8NG68|P14679|P07101|P07202|P17735|P20711|P00439|P17174|P00505|P54577|Q9Y2Z4|P36021|P11362|P00533|Q8TF71|Q96RQ9|Q6PHW0|Q8NG68|P14679|P07101|P07202|P17735|P20711|P00439|P17174|P00505|P54577|Q9Y2Z4|P36021|P11362|P00533|Q8TF71|Q96RQ9|Q6PHW0|Q8NG68|P14679|P07101|P07202|P17735|P20711|P00439|P17174|P00505|P54577|Q9Y2Z4|P36021|P11362|P00533|Q8TF71|Q96RQ9|Q6PHW0|Q8NG68|P14679|P07101|P07202|P17735|P20711|P00439|P17174|P00505|P54577|Q9Y2Z4|P36021|P11362|P00533|Q8TF71|Q96RQ9|Q6PHW0|Q8NG68|P14679|P07101|P07202|P17735|P20711|P00439|P17174|P00505|P54577|Q9Y2Z4|P36021|P11362|P00533|Q8TF71|Q96RQ9|Q6PHW0|Q8NG68|P14679|P07101|P07202|P17735|P20711|P00439|P17174|P00505|P54577|Q9Y2Z4|P36021|P11362|P00533|Q8TF71|Q96RQ9|Q6PHW0|Q8NG68|P14679|P07101|P07202|P17735|P20711|P00439|P17174|P00505|P54577|Q9Y2Z4|P36021|P11362|P00533|Q8TF71|Q96RQ9|Q6PHW0|Q8NG68|P14679|P07101|P07202|P17735|P20711|P00439|P17174|P00505|P54577|Q9Y2Z4|P36021|P11362|P00533|Q8TF71|Q96RQ9|Q6PHW0|Q8NG68|P14679|P07101|P07202|P17735|P20711|P00439|P17174|P00505|P54577|Q9Y2Z4|P36021|P11362|P00533|Q8TF71|Q96RQ9|Q6PHW0|Q8NG68|P14679|P07101|P07202|P17735|P20711|P00439|P17174|P00505|P54577|Q9Y2Z4|P36021|P11362|P00533|Q8TF71|Q96RQ9|Q6PHW0|Q8NG68|P14679|P07101|P07202|P17735|P20711|P00439|P17174|P00505|P54577|Q9Y2Z4|P36021|P11362|P00533|Q8TF71|Q96RQ9|Q6PHW0|Q8NG68|P14679|P07101|P07202|P17735|P20711|P00439|P17174|P00505|P54577|Q9Y2Z4|P36021|P11362|P00533|Q8TF71|Q96RQ9|Q6PHW0|Q8NG68|P14679|P07101|P07202|P17735|P20711|P00439|P17174|P00505|P54577|Q9Y2Z4|P36021|P11362|P00533|Q8TF71|Q96RQ9|Q6PHW0|Q8NG68|P14679|P07101|P07202|P17735|P20711|P00439|P17174|P00505|P54577|Q9Y2Z4|P36021|P11362|P00533|Q8TF71|Q96RQ9|Q6PHW0|Q8NG68
HMDB0000159,P07101|Q9Y285|O95363|P17735|P20711|P22079|P00439|P30041|P05164|P17174|P00505|P11678|Q16773|Q9NSD9|Q9UHI5|Q8TF71|Q9BYF1|Q96RQ9|Q6IBR2|P07101|Q9Y285|O95363|P17735|P20711|P22079|P00439|P30041|P05164|P17174|P00505|P11678|Q16773|Q9NSD9|Q9UHI5|Q8TF71|Q9BYF1|Q96RQ9|Q6IBR2|P07101|Q9Y285|O95363|P17735|P20711|P22079|P00439|P30041|P05164|P17174|P00505|P11678|Q16773|Q9NSD9|Q9UHI5|Q8TF71|Q9BYF1|Q96RQ9|Q6IBR2|P07101|Q9Y285|O95363|P17735|P20711|P22079|P00439|P30041|P05164|P17174|P00505|P11678|Q16773|Q9NSD9|Q9UHI5|Q8TF71|Q9BYF1|Q96RQ9|Q6IBR2|P07101|Q9Y285|O95363|P17735|P20711|P22079|P00439|P30041|P05164|P17174|P00505|P11678|Q16773|Q9NSD9|Q9UHI5|Q8TF71|Q9BYF1|Q96RQ9|Q6IBR2|P07101|Q9Y285|O95363|P17735|P20711|P22079|P00439|P30041|P05164|P17174|P00505|P11678|Q16773|Q9NSD9|Q9UHI5|Q8TF71|Q9BYF1|Q96RQ9|Q6IBR2|P07101|Q9Y285|O95363|P17735|P20711|P22079|P00439|P30041|P05164|P17174|P00505|P11678|Q16773|Q9NSD9|Q9UHI5|Q8TF71|Q9BYF1|Q96RQ9|Q6IBR2|P07101|Q9Y285|O95363|P17735|P20711|P22079|P00439|P30041|P05164|P17174|P00505|P11678|Q16773|Q9NSD9|Q9UHI5|Q8TF71|Q9BYF1|Q96RQ9|Q6IBR2|P07101|Q9Y285|O95363|P17735|P20711|P22079|P00439|P30041|P05164|P17174|P00505|P11678|Q16773|Q9NSD9|Q9UHI5|Q8TF71|Q9BYF1|Q96RQ9|Q6IBR2|P07101|Q9Y285|O95363|P17735|P20711|P22079|P00439|P30041|P05164|P17174|P00505|P11678|Q16773|Q9NSD9|Q9UHI5|Q8TF71|Q9BYF1|Q96RQ9|Q6IBR2|P07101|Q9Y285|O95363|P17735|P20711|P22079|P00439|P30041|P05164|P17174|P00505|P11678|Q16773|Q9NSD9|Q9UHI5|Q8TF71|Q9BYF1|Q96RQ9|Q6IBR2|P07101|Q9Y285|O95363|P17735|P20711|P22079|P00439|P30041|P05164|P17174|P00505|P11678|Q16773|Q9NSD9|Q9UHI5|Q8TF71|Q9BYF1|Q96RQ9|Q6IBR2|P07101|Q9Y285|O95363|P17735|P20711|P22079|P00439|P30041|P05164|P17174|P00505|P11678|Q16773|Q9NSD9|Q9UHI5|Q8TF71|Q9BYF1|Q96RQ9|Q6IBR2|P07101|Q9Y285|O95363|P17735|P20711|P22079|P00439|P30041|P05164|P17174|P00505|P11678|Q16773|Q9NSD9|Q9UHI5|Q8TF71|Q9BYF1|Q96RQ9|Q6IBR2|P07101|Q9Y285|O95363|P17735|P20711|P22079|P00439|P30041|P05164|P17174|P00505|P11678|Q16773|Q9NSD9|Q9UHI5|Q8TF71|Q9BYF1|Q96RQ9|Q6IBR2|P07101|Q9Y285|O95363|P17735|P20711|P22079|P00439|P30041|P05164|P17174|P00505|P11678|Q16773|Q9NSD9|Q9UHI5|Q8TF71|Q9BYF1|Q96RQ9|Q6IBR2
HMDB0000161,P80404|Q16719|Q9BYV1|P49588|P21549|P24298|O75594|Q9UHI5|Q9Y697|Q99624|P43007|Q7Z2H8|Q8TD30|Q96I15|Q8TF71|Q8IUZ5|Q96EN8|Q96LB9|Q96LB8|Q5JTZ9|Q96PD5|P80404|Q16719|Q9BYV1|P49588|P21549|P24298|O75594|Q9UHI5|Q9Y697|Q99624|P43007|Q7Z2H8|Q8TD30|Q96I15|Q8TF71|Q8IUZ5|Q96EN8|Q96LB9|Q96LB8|Q5JTZ9|Q96PD5|P80404|Q16719|Q9BYV1|P49588|P21549|P24298|O75594|Q9UHI5|Q9Y697|Q99624|P43007|Q7Z2H8|Q8TD30|Q96I15|Q8TF71|Q8IUZ5|Q96EN8|Q96LB9|Q96LB8|Q5JTZ9|Q96PD5|P80404|Q16719|Q9BYV1|P49588|P21549|P24298|O75594|Q9UHI5|Q9Y697|Q99624|P43007|Q7Z2H8|Q8TD30|Q96I15|Q8TF71|Q8IUZ5|Q96EN8|Q96LB9|Q96LB8|Q5JTZ9|Q96PD5|P80404|Q16719|Q9BYV1|P49588|P21549|P24298|O75594|Q9UHI5|Q9Y697|Q99624|P43007|Q7Z2H8|Q8TD30|Q96I15|Q8TF71|Q8IUZ5|Q96EN8|Q96LB9|Q96LB8|Q5JTZ9|Q96PD5|P80404|Q16719|Q9BYV1|P49588|P21549|P24298|O75594|Q9UHI5|Q9Y697|Q99624|P43007|Q7Z2H8|Q8TD30|Q96I15|Q8TF71|Q8IUZ5|Q96EN8|Q96LB9|Q96LB8|Q5JTZ9|Q96PD5|P80404|Q16719|Q9BYV1|P49588|P21549|P24298|O75594|Q9UHI5|Q9Y697|Q99624|P43007|Q7Z2H8|Q8TD30|Q96I15|Q8TF71|Q8IUZ5|Q96EN8|Q96LB9|Q96LB8|Q5JTZ9|Q96PD5|P80404|Q16719|Q9BYV1|P49588|P21549|P24298|O75594|Q9UHI5|Q9Y697|Q99624|P43007|Q7Z2H8|Q8TD30|Q96I15|Q8TF71|Q8IUZ5|Q96EN8|Q96LB9|Q96LB8|Q5JTZ9|Q96PD5|P80404|Q16719|Q9BYV1|P49588|P21549|P24298|O75594|Q9UHI5|Q9Y697|Q99624|P43007|Q7Z2H8|Q8TD30|Q96I15|Q8TF71|Q8IUZ5|Q96EN8|Q96LB9|Q96LB8|Q5JTZ9|Q96PD5|P80404|Q16719|Q9BYV1|P49588|P21549|P24298|O75594|Q9UHI5|Q9Y697|Q99624|P43007|Q7Z2H8|Q8TD30|Q96I15|Q8TF71|Q8IUZ5|Q96EN8|Q96LB9|Q96LB8|Q5JTZ9|Q96PD5|P80404|Q16719|Q9BYV1|P49588|P21549|P24298|O75594|Q9UHI5|Q9Y697|Q99624|P43007|Q7Z2H8|Q8TD30|Q96I15|Q8TF71|Q8IUZ5|Q96EN8|Q96LB9|Q96LB8|Q5JTZ9|Q96PD5|P80404|Q16719|Q9BYV1|P49588|P21549|P24298|O75594|Q9UHI5|Q9Y697|Q99624|P43007|Q7Z2H8|Q8TD30|Q96I15|Q8TF71|Q8IUZ5|Q96EN8|Q96LB9|Q96LB8|Q5JTZ9|Q96PD5|P80404|Q16719|Q9BYV1|P49588|P21549|P24298|O75594|Q9UHI5|Q9Y697|Q99624|P43007|Q7Z2H8|Q8TD30|Q96I15|Q8TF71|Q8IUZ5|Q96EN8|Q96LB9|Q96LB8|Q5JTZ9|Q96PD5|P80404|Q16719|Q9BYV1|P49588|P21549|P24298|O75594|Q9UHI5|Q9Y697|Q99624|P43007|Q7Z2H8|Q8TD30|Q96I15|Q8TF71|Q8IUZ5|Q96EN8|Q96LB9|Q96LB8|Q5JTZ9|Q96PD5|P80404|Q16719|Q9BYV1|P49588|P21549|P24298|O75594|Q9UHI5|Q9Y697|Q99624|P43007|Q7Z2H8|Q8TD30|Q96I15|Q8TF71|Q8IUZ5|Q96EN8|Q96LB9|Q96LB8|Q5JTZ9|Q96PD5|P80404|Q16719|Q9BYV1|P49588|P21549|P24298|O75594|Q9UHI5|Q9Y697|Q99624|P43007|Q7Z2H8|Q8TD30|Q96I15|Q8TF71|Q8IUZ5|Q96EN8|Q96LB9|Q96LB8|Q5JTZ9|Q96PD5
HMDB0000162,O15460|P32322|P13674|Q96C36|P07814|P28838|O43272|Q53H96|O94903|Q4W8W1|Q99884|Q9UN76|Q8TF71|Q9UF12|Q7Z4N2|Q32P28|Q8IVL5|Q8IVL6|Q7Z4N8|Q9GZT9|Q96KS0|Q9H6Z9|Q9NXG6|Q96EM0|P30405|O15460|P32322|P13674|Q96C36|P07814|P28838|O43272|Q53H96|O94903|Q4W8W1|Q99884|Q9UN76|Q8TF71|Q9UF12|Q7Z4N2|Q32P28|Q8IVL5|Q8IVL6|Q7Z4N8|Q9GZT9|Q96KS0|Q9H6Z9|Q9NXG6|Q96EM0|P30405|O15460|P32322|P13674|Q96C36|P07814|P28838|O43272|Q53H96|O94903|Q4W8W1|Q99884|Q9UN76|Q8TF71|Q9UF12|Q7Z4N2|Q32P28|Q8IVL5|Q8IVL6|Q7Z4N8|Q9GZT9|Q96KS0|Q9H6Z9|Q9NXG6|Q96EM0|P30405|O15460|P32322|P13674|Q96C36|P07814|P28838|O43272|Q53H96|O94903|Q4W8W1|Q99884|Q9UN76|Q8TF71|Q9UF12|Q7Z4N2|Q32P28|Q8IVL5|Q8IVL6|Q7Z4N8|Q9GZT9|Q96KS0|Q9H6Z9|Q9NXG6|Q96EM0|P30405|O15460|P32322|P13674|Q96C36|P07814|P28838|O43272|Q53H96|O94903|Q4W8W1|Q99884|Q9UN76|Q8TF71|Q9UF12|Q7Z4N2|Q32P28|Q8IVL5|Q8IVL6|Q7Z4N8|Q9GZT9|Q96KS0|Q9H6Z9|Q9NXG6|Q96EM0|P30405|O15460|P32322|P13674|Q96C36|P07814|P28838|O43272|Q53H96|O94903|Q4W8W1|Q99884|Q9UN76|Q8TF71|Q9UF12|Q7Z4N2|Q32P28|Q8IVL5|Q8IVL6|Q7Z4N8|Q9GZT9|Q96KS0|Q9H6Z9|Q9NXG6|Q96EM0|P30405|O15460|P32322|P13674|Q96C36|P07814|P28838|O43272|Q53H96|O94903|Q4W8W1|Q99884|Q9UN76|Q8TF71|Q9UF12|Q7Z4N2|Q32P28|Q8IVL5|Q8IVL6|Q7Z4N8|Q9GZT9|Q96KS0|Q9H6Z9|Q9NXG6|Q96EM0|P30405|O15460|P32322|P13674|Q96C36|P07814|P28838|O43272|Q53H96|O94903|Q4W8W1|Q99884|Q9UN76|Q8TF71|Q9UF12|Q7Z4N2|Q32P28|Q8IVL5|Q8IVL6|Q7Z4N8|Q9GZT9|Q96KS0|Q9H6Z9|Q9NXG6|Q96EM0|P30405|O15460|P32322|P13674|Q96C36|P07814|P28838|O43272|Q53H96|O94903|Q4W8W1|Q99884|Q9UN76|Q8TF71|Q9UF12|Q7Z4N2|Q32P28|Q8IVL5|Q8IVL6|Q7Z4N8|Q9GZT9|Q96KS0|Q9H6Z9|Q9NXG6|Q96EM0|P30405|O15460|P32322|P13674|Q96C36|P07814|P28838|O43272|Q53H96|O94903|Q4W8W1|Q99884|Q9UN76|Q8TF71|Q9UF12|Q7Z4N2|Q32P28|Q8IVL5|Q8IVL6|Q7Z4N8|Q9GZT9|Q96KS0|Q9H6Z9|Q9NXG6|Q96EM0|P30405|O15460|P32322|P13674|Q96C36|P07814|P28838|O43272|Q53H96|O94903|Q4W8W1|Q99884|Q9UN76|Q8TF71|Q9UF12|Q7Z4N2|Q32P28|Q8IVL5|Q8IVL6|Q7Z4N8|Q9GZT9|Q96KS0|Q9H6Z9|Q9NXG6|Q96EM0|P30405|O15460|P32322|P13674|Q96C36|P07814|P28838|O43272|Q53H96|O94903|Q4W8W1|Q99884|Q9UN76|Q8TF71|Q9UF12|Q7Z4N2|Q32P28|Q8IVL5|Q8IVL6|Q7Z4N8|Q9GZT9|Q96KS0|Q9H6Z9|Q9NXG6|Q96EM0|P30405|O15460|P32322|P13674|Q96C36|P07814|P28838|O43272|Q53H96|O94903|Q4W8W1|Q99884|Q9UN76|Q8TF71|Q9UF12|Q7Z4N2|Q32P28|Q8IVL5|Q8IVL6|Q7Z4N8|Q9GZT9|Q96KS0|Q9H6Z9|Q9NXG6|Q96EM0|P30405|O15460|P32322|P13674|Q96C36|P07814|P28838|O43272|Q53H96|O94903|Q4W8W1|Q99884|Q9UN76|Q8TF71|Q9UF12|Q7Z4N2|Q32P28|Q8IVL5|Q8IVL6|Q7Z4N8|Q9GZT9|Q96KS0|Q9H6Z9|Q9NXG6|Q96EM0|P30405|O15460|P32322|P13674|Q96C36|P07814|P28838|O43272|Q53H96|O94903|Q4W8W1|Q99884|Q9UN76|Q8TF71|Q9UF12|Q7Z4N2|Q32P28|Q8IVL5|Q8IVL6|Q7Z4N8|Q9GZT9|Q96KS0|Q9H6Z9|Q9NXG6|Q96EM0|P30405
HMDB0000167,P26639|P20132|P43007|Q8IYQ7|Q8TF71|A1L0T0|Q96GA7|A2RTX5|Q9BW92|P26639|P20132|P43007|Q8IYQ7|Q8TF71|A1L0T0|Q96GA7|A2RTX5|Q9BW92|P26639|P20132|P43007|Q8IYQ7|Q8TF71|A1L0T0|Q96GA7|A2RTX5|Q9BW92|P26639|P20132|P43007|Q8IYQ7|Q8TF71|A1L0T0|Q96GA7|A2RTX5|Q9BW92|P26639|P20132|P43007|Q8IYQ7|Q8TF71|A1L0T0|Q96GA7|A2RTX5|Q9BW92|P26639|P20132|P43007|Q8IYQ7|Q8TF71|A1L0T0|Q96GA7|A2RTX5|Q9BW92|P26639|P20132|P43007|Q8IYQ7|Q8TF71|A1L0T0|Q96GA7|A2RTX5|Q9BW92|P26639|P20132|P43007|Q8IYQ7|Q8TF71|A1L0T0|Q96GA7|A2RTX5|Q9BW92|P26639|P20132|P43007|Q8IYQ7|Q8TF71|A1L0T0|Q96GA7|A2RTX5|Q9BW92|P26639|P20132|P43007|Q8IYQ7|Q8TF71|A1L0T0|Q96GA7|A2RTX5|Q9BW92|P26639|P20132|P43007|Q8IYQ7|Q8TF71|A1L0T0|Q96GA7|A2RTX5|Q9BW92|P26639|P20132|P43007|Q8IYQ7|Q8TF71|A1L0T0|Q96GA7|A2RTX5|Q9BW92|P26639|P20132|P43007|Q8IYQ7|Q8TF71|A1L0T0|Q96GA7|A2RTX5|Q9BW92|P26639|P20132|P43007|Q8IYQ7|Q8TF71|A1L0T0|Q96GA7|A2RTX5|Q9BW92|P26639|P20132|P43007|Q8IYQ7|Q8TF71|A1L0T0|Q96GA7|A2RTX5|Q9BW92|P26639|P20132|P43007|Q8IYQ7|Q8TF71|A1L0T0|Q96GA7|A2RTX5|Q9BW92
HMDB0000168,P08243|O43776|P04843|P39656|P04844|Q15758|P46977|Q99624|P61803|Q7L266|Q8TCJ2|Q86U10|Q96I59|P08243|O43776|P04843|P39656|P04844|Q15758|P46977|Q99624|P61803|Q7L266|Q8TCJ2|Q86U10|Q96I59|P08243|O43776|P04843|P39656|P04844|Q15758|P46977|Q99624|P61803|Q7L266|Q8TCJ2|Q86U10|Q96I59|P08243|O43776|P04843|P39656|P04844|Q15758|P46977|Q99624|P61803|Q7L266|Q8TCJ2|Q86U10|Q96I59|P08243|O43776|P04843|P39656|P04844|Q15758|P46977|Q99624|P61803|Q7L266|Q8TCJ2|Q86U10|Q96I59|P08243|O43776|P04843|P39656|P04844|Q15758|P46977|Q99624|P61803|Q7L266|Q8TCJ2|Q86U10|Q96I59|P08243|O43776|P04843|P39656|P04844|Q15758|P46977|Q99624|P61803|Q7L266|Q8TCJ2|Q86U10|Q96I59|P08243|O43776|P04843|P39656|P04844|Q15758|P46977|Q99624|P61803|Q7L266|Q8TCJ2|Q86U10|Q96I59|P08243|O43776|P04843|P39656|P04844|Q15758|P46977|Q99624|P61803|Q7L266|Q8TCJ2|Q86U10|Q96I59|P08243|O43776|P04843|P39656|P04844|Q15758|P46977|Q99624|P61803|Q7L266|Q8TCJ2|Q86U10|Q96I59|P08243|O43776|P04843|P39656|P04844|Q15758|P46977|Q99624|P61803|Q7L266|Q8TCJ2|Q86U10|Q96I59|P08243|O43776|P04843|P39656|P04844|Q15758|P46977|Q99624|P61803|Q7L266|Q8TCJ2|Q86U10|Q96I59|P08243|O43776|P04843|P39656|P04844|Q15758|P46977|Q99624|P61803|Q7L266|Q8TCJ2|Q86U10|Q96I59|P08243|O43776|P04843|P39656|P04844|Q15758|P46977|Q99624|P61803|Q7L266|Q8TCJ2|Q86U10|Q96I59|P08243|O43776|P04843|P39656|P04844|Q15758|P46977|Q99624|P61803|Q7L266|Q8TCJ2|Q86U10|Q96I59
HMDB0000169,P04054|P15309|P35557|P52790|P52789|P19367|P09848|P24855|P23141|P06276|P06280|P08236|Q16706|O60476|Q9UKM7|P33908|P29475|P23219|Q10472|P08069|P61626|Q92685|P27487|P32927|P05546|P04054|P15309|P35557|P52790|P52789|P19367|P09848|P24855|P23141|P06276|P06280|P08236|Q16706|O60476|Q9UKM7|P33908|P29475|P23219|Q10472|P08069|P61626|Q92685|P27487|P32927|P05546|P04054|P15309|P35557|P52790|P52789|P19367|P09848|P24855|P23141|P06276|P06280|P08236|Q16706|O60476|Q9UKM7|P33908|P29475|P23219|Q10472|P08069|P61626|Q92685|P27487|P32927|P05546|P04054|P15309|P35557|P52790|P52789|P19367|P09848|P24855|P23141|P06276|P06280|P08236|Q16706|O60476|Q9UKM7|P33908|P29475|P23219|Q10472|P08069|P61626|Q92685|P27487|P32927|P05546|P04054|P15309|P35557|P52790|P52789|P19367|P09848|P24855|P23141|P06276|P06280|P08236|Q16706|O60476|Q9UKM7|P33908|P29475|P23219|Q10472|P08069|P61626|Q92685|P27487|P32927|P05546|P04054|P15309|P35557|P52790|P52789|P19367|P09848|P24855|P23141|P06276|P06280|P08236|Q16706|O60476|Q9UKM7|P33908|P29475|P23219|Q10472|P08069|P61626|Q92685|P27487|P32927|P05546|P04054|P15309|P35557|P52790|P52789|P19367|P09848|P24855|P23141|P06276|P06280|P08236|Q16706|O60476|Q9UKM7|P33908|P29475|P23219|Q10472|P08069|P61626|Q92685|P27487|P32927|P05546|P04054|P15309|P35557|P52790|P52789|P19367|P09848|P24855|P23141|P06276|P06280|P08236|Q16706|O60476|Q9UKM7|P33908|P29475|P23219|Q10472|P08069|P61626|Q92685|P27487|P32927|P05546|P04054|P15309|P35557|P52790|P52789|P19367|P09848|P24855|P23141|P06276|P06280|P08236|Q16706|O60476|Q9UKM7|P33908|P29475|P23219|Q10472|P08069|P61626|Q92685|P27487|P32927|P05546|P04054|P15309|P35557|P52790|P52789|P19367|P09848|P24855|P23141|P06276|P06280|P08236|Q16706|O60476|Q9UKM7|P33908|P29475|P23219|Q10472|P08069|P61626|Q92685|P27487|P32927|P05546|P04054|P15309|P35557|P52790|P52789|P19367|P09848|P24855|P23141|P06276|P06280|P08236|Q16706|O60476|Q9UKM7|P33908|P29475|P23219|Q10472|P08069|P61626|Q92685|P27487|P32927|P05546|P04054|P15309|P35557|P52790|P52789|P19367|P09848|P24855|P23141|P06276|P06280|P08236|Q16706|O60476|Q9UKM7|P33908|P29475|P23219|Q10472|P08069|P61626|Q92685|P27487|P32927|P05546|P04054|P15309|P35557|P52790|P52789|P19367|P09848|P24855|P23141|P06276|P06280|P08236|Q16706|O60476|Q9UKM7|P33908|P29475|P23219|Q10472|P08069|P61626|Q92685|P27487|P32927|P05546|P04054|P15309|P35557|P52790|P52789|P19367|P09848|P24855|P23141|P06276|P06280|P08236|Q16706|O60476|Q9UKM7|P33908|P29475|P23219|Q10472|P08069|P61626|Q92685|P27487|P32927|P05546|P04054|P15309|P35557|P52790|P52789|P19367|P09848|P24855|P23141|P06276|P06280|P08236|Q16706|O60476|Q9UKM7|P33908|P29475|P23219|Q10472|P08069|P61626|Q92685|P27487|P32927|P05546
HMDB0000172,P54687|O15382|P41252|P45954|Q8TF71|Q96RQ9|Q9NSE4|P54687|O15382|P41252|P45954|Q8TF71|Q96RQ9|Q9NSE4|P54687|O15382|P41252|P45954|Q8TF71|Q96RQ9|Q9NSE4|P54687|O15382|P41252|P45954|Q8TF71|Q96RQ9|Q9NSE4|P54687|O15382|P41252|P45954|Q8TF71|Q96RQ9|Q9NSE4|P54687|O15382|P41252|P45954|Q8TF71|Q96RQ9|Q9NSE4|P54687|O15382|P41252|P45954|Q8TF71|Q96RQ9|Q9NSE4|P54687|O15382|P41252|P45954|Q8TF71|Q96RQ9|Q9NSE4|P54687|O15382|P41252|P45954|Q8TF71|Q96RQ9|Q9NSE4|P54687|O15382|P41252|P45954|Q8TF71|Q96RQ9|Q9NSE4|P54687|O15382|P41252|P45954|Q8TF71|Q96RQ9|Q9NSE4|P54687|O15382|P41252|P45954|Q8TF71|Q96RQ9|Q9NSE4|P54687|O15382|P41252|P45954|Q8TF71|Q96RQ9|Q9NSE4|P54687|O15382|P41252|P45954|Q8TF71|Q96RQ9|Q9NSE4|P54687|O15382|P41252|P45954|Q8TF71|Q96RQ9|Q9NSE4
HMDB0000175,P21589|Q96P26|Q9BXI3|Q8TCD5|Q9NPB1|P49961|Q8WVQ1|O75355|P06737|P11217|P11216|Q9BY32|P00492|Q01432|Q01433|P23109|Q9P2T1|P36959|Q9Y227|O75354|O75356|P30520|P12268|P31939|P20839
HMDB0000177,P20711|Q96KN2|O60678|P49590|P12081|P42357|P19113|Q99624|Q8TF71|A5YM72|Q9Y5R4|Q6P1Q9|Q8TCB7|O43709|P20711|Q96KN2|O60678|P49590|P12081|P42357|P19113|Q99624|Q8TF71|A5YM72|Q9Y5R4|Q6P1Q9|Q8TCB7|O43709|P20711|Q96KN2|O60678|P49590|P12081|P42357|P19113|Q99624|Q8TF71|A5YM72|Q9Y5R4|Q6P1Q9|Q8TCB7|O43709|P20711|Q96KN2|O60678|P49590|P12081|P42357|P19113|Q99624|Q8TF71|A5YM72|Q9Y5R4|Q6P1Q9|Q8TCB7|O43709|P20711|Q96KN2|O60678|P49590|P12081|P42357|P19113|Q99624|Q8TF71|A5YM72|Q9Y5R4|Q6P1Q9|Q8TCB7|O43709|P20711|Q96KN2|O60678|P49590|P12081|P42357|P19113|Q99624|Q8TF71|A5YM72|Q9Y5R4|Q6P1Q9|Q8TCB7|O43709|P20711|Q96KN2|O60678|P49590|P12081|P42357|P19113|Q99624|Q8TF71|A5YM72|Q9Y5R4|Q6P1Q9|Q8TCB7|O43709|P20711|Q96KN2|O60678|P49590|P12081|P42357|P19113|Q99624|Q8TF71|A5YM72|Q9Y5R4|Q6P1Q9|Q8TCB7|O43709|P20711|Q96KN2|O60678|P49590|P12081|P42357|P19113|Q99624|Q8TF71|A5YM72|Q9Y5R4|Q6P1Q9|Q8TCB7|O43709|P20711|Q96KN2|O60678|P49590|P12081|P42357|P19113|Q99624|Q8TF71|A5YM72|Q9Y5R4|Q6P1Q9|Q8TCB7|O43709|P20711|Q96KN2|O60678|P49590|P12081|P42357|P19113|Q99624|Q8TF71|A5YM72|Q9Y5R4|Q6P1Q9|Q8TCB7|O43709|P20711|Q96KN2|O60678|P49590|P12081|P42357|P19113|Q99624|Q8TF71|A5YM72|Q9Y5R4|Q6P1Q9|Q8TCB7|O43709|P20711|Q96KN2|O60678|P49590|P12081|P42357|P19113|Q99624|Q8TF71|A5YM72|Q9Y5R4|Q6P1Q9|Q8TCB7|O43709|P20711|Q96KN2|O60678|P49590|P12081|P42357|P19113|Q99624|Q8TF71|A5YM72|Q9Y5R4|Q6P1Q9|Q8TCB7|O43709|P20711|Q96KN2|O60678|P49590|P12081|P42357|P19113|Q99624|Q8TF71|A5YM72|Q9Y5R4|Q6P1Q9|Q8TCB7|O43709
HMDB0000182,Q8TEK3|Q8WTS6|Q96L73|Q15047|Q96KQ7|Q9H9B1|Q02809|O00469|O60568|P43251|Q15046|Q9UDR5|Q13029|Q03164|Q8NEZ4|A4D0W4|A5YM72|Q15910|O14686|Q9UMN6|O96028|Q9BZ95|Q9BYW2|Q9Y2K7|Q8NHM5|Q8TEK3|Q8WTS6|Q96L73|Q15047|Q96KQ7|Q9H9B1|Q02809|O00469|O60568|P43251|Q15046|Q9UDR5|Q13029|Q03164|Q8NEZ4|A4D0W4|A5YM72|Q15910|O14686|Q9UMN6|O96028|Q9BZ95|Q9BYW2|Q9Y2K7|Q8NHM5|Q8TEK3|Q8WTS6|Q96L73|Q15047|Q96KQ7|Q9H9B1|Q02809|O00469|O60568|P43251|Q15046|Q9UDR5|Q13029|Q03164|Q8NEZ4|A4D0W4|A5YM72|Q15910|O14686|Q9UMN6|O96028|Q9BZ95|Q9BYW2|Q9Y2K7|Q8NHM5|Q8TEK3|Q8WTS6|Q96L73|Q15047|Q96KQ7|Q9H9B1|Q02809|O00469|O60568|P43251|Q15046|Q9UDR5|Q13029|Q03164|Q8NEZ4|A4D0W4|A5YM72|Q15910|O14686|Q9UMN6|O96028|Q9BZ95|Q9BYW2|Q9Y2K7|Q8NHM5|Q8TEK3|Q8WTS6|Q96L73|Q15047|Q96KQ7|Q9H9B1|Q02809|O00469|O60568|P43251|Q15046|Q9UDR5|Q13029|Q03164|Q8NEZ4|A4D0W4|A5YM72|Q15910|O14686|Q9UMN6|O96028|Q9BZ95|Q9BYW2|Q9Y2K7|Q8NHM5|Q8TEK3|Q8WTS6|Q96L73|Q15047|Q96KQ7|Q9H9B1|Q02809|O00469|O60568|P43251|Q15046|Q9UDR5|Q13029|Q03164|Q8NEZ4|A4D0W4|A5YM72|Q15910|O14686|Q9UMN6|O96028|Q9BZ95|Q9BYW2|Q9Y2K7|Q8NHM5|Q8TEK3|Q8WTS6|Q96L73|Q15047|Q96KQ7|Q9H9B1|Q02809|O00469|O60568|P43251|Q15046|Q9UDR5|Q13029|Q03164|Q8NEZ4|A4D0W4|A5YM72|Q15910|O14686|Q9UMN6|O96028|Q9BZ95|Q9BYW2|Q9Y2K7|Q8NHM5|Q8TEK3|Q8WTS6|Q96L73|Q15047|Q96KQ7|Q9H9B1|Q02809|O00469|O60568|P43251|Q15046|Q9UDR5|Q13029|Q03164|Q8NEZ4|A4D0W4|A5YM72|Q15910|O14686|Q9UMN6|O96028|Q9BZ95|Q9BYW2|Q9Y2K7|Q8NHM5|Q8TEK3|Q8WTS6|Q96L73|Q15047|Q96KQ7|Q9H9B1|Q02809|O00469|O60568|P43251|Q15046|Q9UDR5|Q13029|Q03164|Q8NEZ4|A4D0W4|A5YM72|Q15910|O14686|Q9UMN6|O96028|Q9BZ95|Q9BYW2|Q9Y2K7|Q8NHM5|Q8TEK3|Q8WTS6|Q96L73|Q15047|Q96KQ7|Q9H9B1|Q02809|O00469|O60568|P43251|Q15046|Q9UDR5|Q13029|Q03164|Q8NEZ4|A4D0W4|A5YM72|Q15910|O14686|Q9UMN6|O96028|Q9BZ95|Q9BYW2|Q9Y2K7|Q8NHM5|Q8TEK3|Q8WTS6|Q96L73|Q15047|Q96KQ7|Q9H9B1|Q02809|O00469|O60568|P43251|Q15046|Q9UDR5|Q13029|Q03164|Q8NEZ4|A4D0W4|A5YM72|Q15910|O14686|Q9UMN6|O96028|Q9BZ95|Q9BYW2|Q9Y2K7|Q8NHM5|Q8TEK3|Q8WTS6|Q96L73|Q15047|Q96KQ7|Q9H9B1|Q02809|O00469|O60568|P43251|Q15046|Q9UDR5|Q13029|Q03164|Q8NEZ4|A4D0W4|A5YM72|Q15910|O14686|Q9UMN6|O96028|Q9BZ95|Q9BYW2|Q9Y2K7|Q8NHM5|Q8TEK3|Q8WTS6|Q96L73|Q15047|Q96KQ7|Q9H9B1|Q02809|O00469|O60568|P43251|Q15046|Q9UDR5|Q13029|Q03164|Q8NEZ4|A4D0W4|A5YM72|Q15910|O14686|Q9UMN6|O96028|Q9BZ95|Q9BYW2|Q9Y2K7|Q8NHM5|Q8TEK3|Q8WTS6|Q96L73|Q15047|Q96KQ7|Q9H9B1|Q02809|O00469|O60568|P43251|Q15046|Q9UDR5|Q13029|Q03164|Q8NEZ4|A4D0W4|A5YM72|Q15910|O14686|Q9UMN6|O96028|Q9BZ95|Q9BYW2|Q9Y2K7|Q8NHM5|Q8TEK3|Q8WTS6|Q96L73|Q15047|Q96KQ7|Q9H9B1|Q02809|O00469|O60568|P43251|Q15046|Q9UDR5|Q13029|Q03164|Q8NEZ4|A4D0W4|A5YM72|Q15910|O14686|Q9UMN6|O96028|Q9BZ95|Q9BYW2|Q9Y2K7|Q8NHM5|Q8TEK3|Q8WTS6|Q96L73|Q15047|Q96KQ7|Q9H9B1|Q02809|O00469|O60568|P43251|Q15046|Q9UDR5|Q13029|Q03164|Q8NEZ4|A4D0W4|A5YM72|Q15910|O14686|Q9UMN6|O96028|Q9BZ95|Q9BYW2|Q9Y2K7|Q8NHM5
HMDB0000187,Q9NP81|P49591|P20132|P35520|P21549|P34897|P34896|O15269|P78330|O15270|P48651|Q9BVG9|P43007|Q8TF71|Q96GA7|Q9NUV7|Q9GZT4|A8MYA6|Q5BJF5|Q9NRX5|Q9NP81|P49591|P20132|P35520|P21549|P34897|P34896|O15269|P78330|O15270|P48651|Q9BVG9|P43007|Q8TF71|Q96GA7|Q9NUV7|Q9GZT4|A8MYA6|Q5BJF5|Q9NRX5|Q9NP81|P49591|P20132|P35520|P21549|P34897|P34896|O15269|P78330|O15270|P48651|Q9BVG9|P43007|Q8TF71|Q96GA7|Q9NUV7|Q9GZT4|A8MYA6|Q5BJF5|Q9NRX5|Q9NP81|P49591|P20132|P35520|P21549|P34897|P34896|O15269|P78330|O15270|P48651|Q9BVG9|P43007|Q8TF71|Q96GA7|Q9NUV7|Q9GZT4|A8MYA6|Q5BJF5|Q9NRX5|Q9NP81|P49591|P20132|P35520|P21549|P34897|P34896|O15269|P78330|O15270|P48651|Q9BVG9|P43007|Q8TF71|Q96GA7|Q9NUV7|Q9GZT4|A8MYA6|Q5BJF5|Q9NRX5|Q9NP81|P49591|P20132|P35520|P21549|P34897|P34896|O15269|P78330|O15270|P48651|Q9BVG9|P43007|Q8TF71|Q96GA7|Q9NUV7|Q9GZT4|A8MYA6|Q5BJF5|Q9NRX5|Q9NP81|P49591|P20132|P35520|P21549|P34897|P34896|O15269|P78330|O15270|P48651|Q9BVG9|P43007|Q8TF71|Q96GA7|Q9NUV7|Q9GZT4|A8MYA6|Q5BJF5|Q9NRX5|Q9NP81|P49591|P20132|P35520|P21549|P34897|P34896|O15269|P78330|O15270|P48651|Q9BVG9|P43007|Q8TF71|Q96GA7|Q9NUV7|Q9GZT4|A8MYA6|Q5BJF5|Q9NRX5|Q9NP81|P49591|P20132|P35520|P21549|P34897|P34896|O15269|P78330|O15270|P48651|Q9BVG9|P43007|Q8TF71|Q96GA7|Q9NUV7|Q9GZT4|A8MYA6|Q5BJF5|Q9NRX5|Q9NP81|P49591|P20132|P35520|P21549|P34897|P34896|O15269|P78330|O15270|P48651|Q9BVG9|P43007|Q8TF71|Q96GA7|Q9NUV7|Q9GZT4|A8MYA6|Q5BJF5|Q9NRX5|Q9NP81|P49591|P20132|P35520|P21549|P34897|P34896|O15269|P78330|O15270|P48651|Q9BVG9|P43007|Q8TF71|Q96GA7|Q9NUV7|Q9GZT4|A8MYA6|Q5BJF5|Q9NRX5|Q9NP81|P49591|P20132|P35520|P21549|P34897|P34896|O15269|P78330|O15270|P48651|Q9BVG9|P43007|Q8TF71|Q96GA7|Q9NUV7|Q9GZT4|A8MYA6|Q5BJF5|Q9NRX5|Q9NP81|P49591|P20132|P35520|P21549|P34897|P34896|O15269|P78330|O15270|P48651|Q9BVG9|P43007|Q8TF71|Q96GA7|Q9NUV7|Q9GZT4|A8MYA6|Q5BJF5|Q9NRX5|Q9NP81|P49591|P20132|P35520|P21549|P34897|P34896|O15269|P78330|O15270|P48651|Q9BVG9|P43007|Q8TF71|Q96GA7|Q9NUV7|Q9GZT4|A8MYA6|Q5BJF5|Q9NRX5|Q9NP81|P49591|P20132|P35520|P21549|P34897|P34896|O15269|P78330|O15270|P48651|Q9BVG9|P43007|Q8TF71|Q96GA7|Q9NUV7|Q9GZT4|A8MYA6|Q5BJF5|Q9NRX5|Q9NP81|P49591|P20132|P35520|P21549|P34897|P34896|O15269|P78330|O15270|P48651|Q9BVG9|P43007|Q8TF71|Q96GA7|Q9NUV7|Q9GZT4|A8MYA6|Q5BJF5|Q9NRX5
HMDB0000190,Q6ZMR3|P07195|P07864|P00338|Q9BYZ2|Q6ZMR3|P07195|P07864|P00338|Q9BYZ2|Q6ZMR3|P07195|P07864|P00338|Q9BYZ2|Q6ZMR3|P07195|P07864|P00338|Q9BYZ2|Q6ZMR3|P07195|P07864|P00338|Q9BYZ2|Q6ZMR3|P07195|P07864|P00338|Q9BYZ2|Q6ZMR3|P07195|P07864|P00338|Q9BYZ2|Q6ZMR3|P07195|P07864|P00338|Q9BYZ2|Q6ZMR3|P07195|P07864|P00338|Q9BYZ2|Q6ZMR3|P07195|P07864|P00338|Q9BYZ2|Q6ZMR3|P07195|P07864|P00338|Q9BYZ2|Q6ZMR3|P07195|P07864|P00338|Q9BYZ2|Q6ZMR3|P07195|P07864|P00338|Q9BYZ2|Q6ZMR3|P07195|P07864|P00338|Q9BYZ2|Q6ZMR3|P07195|P07864|P00338|Q9BYZ2
HMDB0000191,P17174|P00505|P07998|Q03154|P45381|Q96HD9|P08243|P14868|P00966|P00367|Q05329|Q99259|P30520|Q8N142|P22234|P20933|Q12797|P61626|Q9UJS0|P43005|O75746|P27708|Q7L266|Q8TF71|Q86U10|P17174|P00505|P07998|Q03154|P45381|Q96HD9|P08243|P14868|P00966|P00367|Q05329|Q99259|P30520|Q8N142|P22234|P20933|Q12797|P61626|Q9UJS0|P43005|O75746|P27708|Q7L266|Q8TF71|Q86U10|P17174|P00505|P07998|Q03154|P45381|Q96HD9|P08243|P14868|P00966|P00367|Q05329|Q99259|P30520|Q8N142|P22234|P20933|Q12797|P61626|Q9UJS0|P43005|O75746|P27708|Q7L266|Q8TF71|Q86U10|P17174|P00505|P07998|Q03154|P45381|Q96HD9|P08243|P14868|P00966|P00367|Q05329|Q99259|P30520|Q8N142|P22234|P20933|Q12797|P61626|Q9UJS0|P43005|O75746|P27708|Q7L266|Q8TF71|Q86U10|P17174|P00505|P07998|Q03154|P45381|Q96HD9|P08243|P14868|P00966|P00367|Q05329|Q99259|P30520|Q8N142|P22234|P20933|Q12797|P61626|Q9UJS0|P43005|O75746|P27708|Q7L266|Q8TF71|Q86U10|P17174|P00505|P07998|Q03154|P45381|Q96HD9|P08243|P14868|P00966|P00367|Q05329|Q99259|P30520|Q8N142|P22234|P20933|Q12797|P61626|Q9UJS0|P43005|O75746|P27708|Q7L266|Q8TF71|Q86U10|P17174|P00505|P07998|Q03154|P45381|Q96HD9|P08243|P14868|P00966|P00367|Q05329|Q99259|P30520|Q8N142|P22234|P20933|Q12797|P61626|Q9UJS0|P43005|O75746|P27708|Q7L266|Q8TF71|Q86U10|P17174|P00505|P07998|Q03154|P45381|Q96HD9|P08243|P14868|P00966|P00367|Q05329|Q99259|P30520|Q8N142|P22234|P20933|Q12797|P61626|Q9UJS0|P43005|O75746|P27708|Q7L266|Q8TF71|Q86U10|P17174|P00505|P07998|Q03154|P45381|Q96HD9|P08243|P14868|P00966|P00367|Q05329|Q99259|P30520|Q8N142|P22234|P20933|Q12797|P61626|Q9UJS0|P43005|O75746|P27708|Q7L266|Q8TF71|Q86U10|P17174|P00505|P07998|Q03154|P45381|Q96HD9|P08243|P14868|P00966|P00367|Q05329|Q99259|P30520|Q8N142|P22234|P20933|Q12797|P61626|Q9UJS0|P43005|O75746|P27708|Q7L266|Q8TF71|Q86U10|P17174|P00505|P07998|Q03154|P45381|Q96HD9|P08243|P14868|P00966|P00367|Q05329|Q99259|P30520|Q8N142|P22234|P20933|Q12797|P61626|Q9UJS0|P43005|O75746|P27708|Q7L266|Q8TF71|Q86U10|P17174|P00505|P07998|Q03154|P45381|Q96HD9|P08243|P14868|P00966|P00367|Q05329|Q99259|P30520|Q8N142|P22234|P20933|Q12797|P61626|Q9UJS0|P43005|O75746|P27708|Q7L266|Q8TF71|Q86U10|P17174|P00505|P07998|Q03154|P45381|Q96HD9|P08243|P14868|P00966|P00367|Q05329|Q99259|P30520|Q8N142|P22234|P20933|Q12797|P61626|Q9UJS0|P43005|O75746|P27708|Q7L266|Q8TF71|Q86U10|P17174|P00505|P07998|Q03154|P45381|Q96HD9|P08243|P14868|P00966|P00367|Q05329|Q99259|P30520|Q8N142|P22234|P20933|Q12797|P61626|Q9UJS0|P43005|O75746|P27708|Q7L266|Q8TF71|Q86U10|P17174|P00505|P07998|Q03154|P45381|Q96HD9|P08243|P14868|P00966|P00367|Q05329|Q99259|P30520|Q8N142|P22234|P20933|Q12797|P61626|Q9UJS0|P43005|O75746|P27708|Q7L266|Q8TF71|Q86U10|P17174|P00505|P07998|Q03154|P45381|Q96HD9|P08243|P14868|P00966|P00367|Q05329|Q99259|P30520|Q8N142|P22234|P20933|Q12797|P61626|Q9UJS0|P43005|O75746|P27708|Q7L266|Q8TF71|Q86U10
HMDB0000192,P32929|Q07837|P82251|Q9UPY5|P43007|Q8TF71|O60931|P32929|Q07837|P82251|Q9UPY5|P43007|Q8TF71|O60931|P32929|Q07837|P82251|Q9UPY5|P43007|Q8TF71|O60931|P32929|Q07837|P82251|Q9UPY5|P43007|Q8TF71|O60931|P32929|Q07837|P82251|Q9UPY5|P43007|Q8TF71|O60931|P32929|Q07837|P82251|Q9UPY5|P43007|Q8TF71|O60931|P32929|Q07837|P82251|Q9UPY5|P43007|Q8TF71|O60931|P32929|Q07837|P82251|Q9UPY5|P43007|Q8TF71|O60931|P32929|Q07837|P82251|Q9UPY5|P43007|Q8TF71|O60931|P32929|Q07837|P82251|Q9UPY5|P43007|Q8TF71|O60931|P32929|Q07837|P82251|Q9UPY5|P43007|Q8TF71|O60931|P32929|Q07837|P82251|Q9UPY5|P43007|Q8TF71|O60931|P32929|Q07837|P82251|Q9UPY5|P43007|Q8TF71|O60931|P32929|Q07837|P82251|Q9UPY5|P43007|Q8TF71|O60931|P32929|Q07837|P82251|Q9UPY5|P43007|Q8TF71|O60931
HMDB0000193,Q99798|P21399|P48735|O43837|O75874|P50213|P51553
HMDB0000197,P49189|P49419|P47895|P05091|P51648|P30837|P35869|P49189|P49419|P47895|P05091|P51648|P30837|P35869|P49189|P49419|P47895|P05091|P51648|P30837|P35869|P49189|P49419|P47895|P05091|P51648|P30837|P35869|P49189|P49419|P47895|P05091|P51648|P30837|P35869|P49189|P49419|P47895|P05091|P51648|P30837|P35869|P49189|P49419|P47895|P05091|P51648|P30837|P35869|P49189|P49419|P47895|P05091|P51648|P30837|P35869|P49189|P49419|P47895|P05091|P51648|P30837|P35869|P49189|P49419|P47895|P05091|P51648|P30837|P35869|P49189|P49419|P47895|P05091|P51648|P30837|P35869|P49189|P49419|P47895|P05091|P51648|P30837|P35869|P49189|P49419|P47895|P05091|P51648|P30837|P35869|P49189|P49419|P47895|P05091|P51648|P30837|P35869|P49189|P49419|P47895|P05091|P51648|P30837|P35869
HMDB0000201,P43155|O43772
HMDB0000207,P49327|Q14032|O00154|P49753|Q8N9L9|O14734|O00519|Q3SYC2|Q6GMR7|Q86TX2|Q9NV23|P49327|Q14032|O00154|P49753|Q8N9L9|O14734|O00519|Q3SYC2|Q6GMR7|Q86TX2|Q9NV23|P49327|Q14032|O00154|P49753|Q8N9L9|O14734|O00519|Q3SYC2|Q6GMR7|Q86TX2|Q9NV23|P49327|Q14032|O00154|P49753|Q8N9L9|O14734|O00519|Q3SYC2|Q6GMR7|Q86TX2|Q9NV23|P49327|Q14032|O00154|P49753|Q8N9L9|O14734|O00519|Q3SYC2|Q6GMR7|Q86TX2|Q9NV23|P49327|Q14032|O00154|P49753|Q8N9L9|O14734|O00519|Q3SYC2|Q6GMR7|Q86TX2|Q9NV23|P49327|Q14032|O00154|P49753|Q8N9L9|O14734|O00519|Q3SYC2|Q6GMR7|Q86TX2|Q9NV23|P49327|Q14032|O00154|P49753|Q8N9L9|O14734|O00519|Q3SYC2|Q6GMR7|Q86TX2|Q9NV23|P49327|Q14032|O00154|P49753|Q8N9L9|O14734|O00519|Q3SYC2|Q6GMR7|Q86TX2|Q9NV23|P49327|Q14032|O00154|P49753|Q8N9L9|O14734|O00519|Q3SYC2|Q6GMR7|Q86TX2|Q9NV23|P49327|Q14032|O00154|P49753|Q8N9L9|O14734|O00519|Q3SYC2|Q6GMR7|Q86TX2|Q9NV23|P49327|Q14032|O00154|P49753|Q8N9L9|O14734|O00519|Q3SYC2|Q6GMR7|Q86TX2|Q9NV23|P49327|Q14032|O00154|P49753|Q8N9L9|O14734|O00519|Q3SYC2|Q6GMR7|Q86TX2|Q9NV23|P49327|Q14032|O00154|P49753|Q8N9L9|O14734|O00519|Q3SYC2|Q6GMR7|Q86TX2|Q9NV23|P49327|Q14032|O00154|P49753|Q8N9L9|O14734|O00519|Q3SYC2|Q6GMR7|Q86TX2|Q9NV23
HMDB0000209,P30838|P47895|P22309|P48448|P43353
HMDB0000210,Q9NVE7|Q9BZ23|Q8TE04|Q9H999|O95497|O95498|Q9NY84|Q9NVE7|Q9BZ23|Q8TE04|Q9H999|O95497|O95498|Q9NY84
HMDB0000211,P06280|O14735|Q9UGB7|P29218|O14732|Q9NZC3|Q9NX62|P06280|O14735|Q9UGB7|P29218|O14732|Q9NZC3|Q9NX62|P06280|O14735|Q9UGB7|P29218|O14732|Q9NZC3|Q9NX62|P06280|O14735|Q9UGB7|P29218|O14732|Q9NZC3|Q9NX62|P06280|O14735|Q9UGB7|P29218|O14732|Q9NZC3|Q9NX62|P06280|O14735|Q9UGB7|P29218|O14732|Q9NZC3|Q9NX62|P06280|O14735|Q9UGB7|P29218|O14732|Q9NZC3|Q9NX62|P06280|O14735|Q9UGB7|P29218|O14732|Q9NZC3|Q9NX62|P06280|O14735|Q9UGB7|P29218|O14732|Q9NZC3|Q9NX62|P06280|O14735|Q9UGB7|P29218|O14732|Q9NZC3|Q9NX62|P06280|O14735|Q9UGB7|P29218|O14732|Q9NZC3|Q9NX62|P06280|O14735|Q9UGB7|P29218|O14732|Q9NZC3|Q9NX62|P06280|O14735|Q9UGB7|P29218|O14732|Q9NZC3|Q9NX62|P06280|O14735|Q9UGB7|P29218|O14732|Q9NZC3|Q9NX62|P06280|O14735|Q9UGB7|P29218|O14732|Q9NZC3|Q9NX62
HMDB0000214,P05089|P04181|P50440|Q03154|P54886|P00480|P11926|P78540|O43246|Q9Y619|Q9BXI2|Q8WY07|P30825|P52569|Q92536|P54368|O95190|Q9UMX2|O14977|P05089|P04181|P50440|Q03154|P54886|P00480|P11926|P78540|O43246|Q9Y619|Q9BXI2|Q8WY07|P30825|P52569|Q92536|P54368|O95190|Q9UMX2|O14977|P05089|P04181|P50440|Q03154|P54886|P00480|P11926|P78540|O43246|Q9Y619|Q9BXI2|Q8WY07|P30825|P52569|Q92536|P54368|O95190|Q9UMX2|O14977|P05089|P04181|P50440|Q03154|P54886|P00480|P11926|P78540|O43246|Q9Y619|Q9BXI2|Q8WY07|P30825|P52569|Q92536|P54368|O95190|Q9UMX2|O14977|P05089|P04181|P50440|Q03154|P54886|P00480|P11926|P78540|O43246|Q9Y619|Q9BXI2|Q8WY07|P30825|P52569|Q92536|P54368|O95190|Q9UMX2|O14977|P05089|P04181|P50440|Q03154|P54886|P00480|P11926|P78540|O43246|Q9Y619|Q9BXI2|Q8WY07|P30825|P52569|Q92536|P54368|O95190|Q9UMX2|O14977|P05089|P04181|P50440|Q03154|P54886|P00480|P11926|P78540|O43246|Q9Y619|Q9BXI2|Q8WY07|P30825|P52569|Q92536|P54368|O95190|Q9UMX2|O14977|P05089|P04181|P50440|Q03154|P54886|P00480|P11926|P78540|O43246|Q9Y619|Q9BXI2|Q8WY07|P30825|P52569|Q92536|P54368|O95190|Q9UMX2|O14977|P05089|P04181|P50440|Q03154|P54886|P00480|P11926|P78540|O43246|Q9Y619|Q9BXI2|Q8WY07|P30825|P52569|Q92536|P54368|O95190|Q9UMX2|O14977|P05089|P04181|P50440|Q03154|P54886|P00480|P11926|P78540|O43246|Q9Y619|Q9BXI2|Q8WY07|P30825|P52569|Q92536|P54368|O95190|Q9UMX2|O14977|P05089|P04181|P50440|Q03154|P54886|P00480|P11926|P78540|O43246|Q9Y619|Q9BXI2|Q8WY07|P30825|P52569|Q92536|P54368|O95190|Q9UMX2|O14977|P05089|P04181|P50440|Q03154|P54886|P00480|P11926|P78540|O43246|Q9Y619|Q9BXI2|Q8WY07|P30825|P52569|Q92536|P54368|O95190|Q9UMX2|O14977|P05089|P04181|P50440|Q03154|P54886|P00480|P11926|P78540|O43246|Q9Y619|Q9BXI2|Q8WY07|P30825|P52569|Q92536|P54368|O95190|Q9UMX2|O14977|P05089|P04181|P50440|Q03154|P54886|P00480|P11926|P78540|O43246|Q9Y619|Q9BXI2|Q8WY07|P30825|P52569|Q92536|P54368|O95190|Q9UMX2|O14977|P05089|P04181|P50440|Q03154|P54886|P00480|P11926|P78540|O43246|Q9Y619|Q9BXI2|Q8WY07|P30825|P52569|Q92536|P54368|O95190|Q9UMX2|O14977|P05089|P04181|P50440|Q03154|P54886|P00480|P11926|P78540|O43246|Q9Y619|Q9BXI2|Q8WY07|P30825|P52569|Q92536|P54368|O95190|Q9UMX2|O14977
HMDB0000215,Q9Y223|P51606|O60909|P15291|P07686|P06865|Q9UJ70|Q9BZP6|Q9UK23|Q13231|O60512|O60513|P54802|P61626|Q8WZA1|Q6UWQ5|Q7Z4W2|Q96QH8|O75951|P36222|Q15782|Q8WVB3|O60502
HMDB0000216,P27338|P21397|P09172|P21964|P00439|P11086|P32189|P05177|P08913|P18089|O76082|P08588|P07550|P23975|O15245|O15244|O75751|P35348|P35368|P25100|O00445|P13945|Q9Y6W9|P18825|Q9UQ04
HMDB0000220,P49327|O75608|P39877|Q9BZM2|P47712|P04054|O15496|Q9UHV8|Q9NZK7|O95372|Q9BZM1|O60733|Q05315|P14555|Q9UNK4|P16233|P11150|P54315|Q9NST1|P07098|Q9Y5X9|P19835|P54317|P06858|P23141
HMDB0000224,Q99447|Q9Y259|P35790|Q9HBU6|O95470|Q8TCT1|Q8TBG4|Q9NVF9|Q6UWR7|Q9NWW9
HMDB0000239,P42898|P49419|Q9NVS9|P35520|Q9Y617|O00764|P02768|Q96GD0|Q8TCD6
HMDB0000243,P11177|P11498|P08559|P29803|P09622|P10515|P14920|P80404|Q9BYV1|P17707|Q16773|P32929|P20132|P51828|Q8NFM4|O43306|O95622|P40145|O60503|O60266|Q08828|P14618|P30613|P25325|P21549
HMDB0000247,P15121|P35557|P52790|P52789|Q00796|P06280|P06028|O60218
HMDB0000254,Q99643|P31040|O14521|P21912|P51649|O14832|O15460|P13674|O75936|Q02809|O00469|O60568|P55809|Q9BYC2|P53597|Q96I99|Q9P2R7|Q12797|Q9NWT6|Q9UBX3|Q8WWT9|O14756|Q9BZW2|Q13183|Q9NVH6|Q99643|P31040|O14521|P21912|P51649|O14832|O15460|P13674|O75936|Q02809|O00469|O60568|P55809|Q9BYC2|P53597|Q96I99|Q9P2R7|Q12797|Q9NWT6|Q9UBX3|Q8WWT9|O14756|Q9BZW2|Q13183|Q9NVH6|Q99643|P31040|O14521|P21912|P51649|O14832|O15460|P13674|O75936|Q02809|O00469|O60568|P55809|Q9BYC2|P53597|Q96I99|Q9P2R7|Q12797|Q9NWT6|Q9UBX3|Q8WWT9|O14756|Q9BZW2|Q13183|Q9NVH6|Q99643|P31040|O14521|P21912|P51649|O14832|O15460|P13674|O75936|Q02809|O00469|O60568|P55809|Q9BYC2|P53597|Q96I99|Q9P2R7|Q12797|Q9NWT6|Q9UBX3|Q8WWT9|O14756|Q9BZW2|Q13183|Q9NVH6|Q99643|P31040|O14521|P21912|P51649|O14832|O15460|P13674|O75936|Q02809|O00469|O60568|P55809|Q9BYC2|P53597|Q96I99|Q9P2R7|Q12797|Q9NWT6|Q9UBX3|Q8WWT9|O14756|Q9BZW2|Q13183|Q9NVH6|Q99643|P31040|O14521|P21912|P51649|O14832|O15460|P13674|O75936|Q02809|O00469|O60568|P55809|Q9BYC2|P53597|Q96I99|Q9P2R7|Q12797|Q9NWT6|Q9UBX3|Q8WWT9|O14756|Q9BZW2|Q13183|Q9NVH6|Q99643|P31040|O14521|P21912|P51649|O14832|O15460|P13674|O75936|Q02809|O00469|O60568|P55809|Q9BYC2|P53597|Q96I99|Q9P2R7|Q12797|Q9NWT6|Q9UBX3|Q8WWT9|O14756|Q9BZW2|Q13183|Q9NVH6|Q99643|P31040|O14521|P21912|P51649|O14832|O15460|P13674|O75936|Q02809|O00469|O60568|P55809|Q9BYC2|P53597|Q96I99|Q9P2R7|Q12797|Q9NWT6|Q9UBX3|Q8WWT9|O14756|Q9BZW2|Q13183|Q9NVH6|Q99643|P31040|O14521|P21912|P51649|O14832|O15460|P13674|O75936|Q02809|O00469|O60568|P55809|Q9BYC2|P53597|Q96I99|Q9P2R7|Q12797|Q9NWT6|Q9UBX3|Q8WWT9|O14756|Q9BZW2|Q13183|Q9NVH6|Q99643|P31040|O14521|P21912|P51649|O14832|O15460|P13674|O75936|Q02809|O00469|O60568|P55809|Q9BYC2|P53597|Q96I99|Q9P2R7|Q12797|Q9NWT6|Q9UBX3|Q8WWT9|O14756|Q9BZW2|Q13183|Q9NVH6|Q99643|P31040|O14521|P21912|P51649|O14832|O15460|P13674|O75936|Q02809|O00469|O60568|P55809|Q9BYC2|P53597|Q96I99|Q9P2R7|Q12797|Q9NWT6|Q9UBX3|Q8WWT9|O14756|Q9BZW2|Q13183|Q9NVH6|Q99643|P31040|O14521|P21912|P51649|O14832|O15460|P13674|O75936|Q02809|O00469|O60568|P55809|Q9BYC2|P53597|Q96I99|Q9P2R7|Q12797|Q9NWT6|Q9UBX3|Q8WWT9|O14756|Q9BZW2|Q13183|Q9NVH6|Q99643|P31040|O14521|P21912|P51649|O14832|O15460|P13674|O75936|Q02809|O00469|O60568|P55809|Q9BYC2|P53597|Q96I99|Q9P2R7|Q12797|Q9NWT6|Q9UBX3|Q8WWT9|O14756|Q9BZW2|Q13183|Q9NVH6|Q99643|P31040|O14521|P21912|P51649|O14832|O15460|P13674|O75936|Q02809|O00469|O60568|P55809|Q9BYC2|P53597|Q96I99|Q9P2R7|Q12797|Q9NWT6|Q9UBX3|Q8WWT9|O14756|Q9BZW2|Q13183|Q9NVH6|Q99643|P31040|O14521|P21912|P51649|O14832|O15460|P13674|O75936|Q02809|O00469|O60568|P55809|Q9BYC2|P53597|Q96I99|Q9P2R7|Q12797|Q9NWT6|Q9UBX3|Q8WWT9|O14756|Q9BZW2|Q13183|Q9NVH6
HMDB0000258,P14410|O00204|P22309|P06280|P10253|O43451|Q8TET4
HMDB0000263,Q9NR45|Q01813|P17858|P08237|P14618|P30613|Q16822|P35558|P13929|P09104|P06733|Q92959
HMDB0000267,Q16769|O14841|P03950|P01709|P04745|P04746|P15692|P19961|O43612|O75223|P0CG04|Q9BVM4|Q16769|O14841|P03950|P01709|P04745|P04746|P15692|P19961|O43612|O75223|P0CG04|Q9BVM4|Q16769|O14841|P03950|P01709|P04745|P04746|P15692|P19961|O43612|O75223|P0CG04|Q9BVM4|Q16769|O14841|P03950|P01709|P04745|P04746|P15692|P19961|O43612|O75223|P0CG04|Q9BVM4|Q16769|O14841|P03950|P01709|P04745|P04746|P15692|P19961|O43612|O75223|P0CG04|Q9BVM4|Q16769|O14841|P03950|P01709|P04745|P04746|P15692|P19961|O43612|O75223|P0CG04|Q9BVM4|Q16769|O14841|P03950|P01709|P04745|P04746|P15692|P19961|O43612|O75223|P0CG04|Q9BVM4|Q16769|O14841|P03950|P01709|P04745|P04746|P15692|P19961|O43612|O75223|P0CG04|Q9BVM4|Q16769|O14841|P03950|P01709|P04745|P04746|P15692|P19961|O43612|O75223|P0CG04|Q9BVM4|Q16769|O14841|P03950|P01709|P04745|P04746|P15692|P19961|O43612|O75223|P0CG04|Q9BVM4|Q16769|O14841|P03950|P01709|P04745|P04746|P15692|P19961|O43612|O75223|P0CG04|Q9BVM4|Q16769|O14841|P03950|P01709|P04745|P04746|P15692|P19961|O43612|O75223|P0CG04|Q9BVM4|Q16769|O14841|P03950|P01709|P04745|P04746|P15692|P19961|O43612|O75223|P0CG04|Q9BVM4|Q16769|O14841|P03950|P01709|P04745|P04746|P15692|P19961|O43612|O75223|P0CG04|Q9BVM4|Q16769|O14841|P03950|P01709|P04745|P04746|P15692|P19961|O43612|O75223|P0CG04|Q9BVM4|Q16769|O14841|P03950|P01709|P04745|P04746|P15692|P19961|O43612|O75223|P0CG04|Q9BVM4
HMDB0000271,Q9P0Z9|Q9UI17|Q14749|Q9UL12|Q495M3
HMDB0000279,Q9UDR5|Q8NBX0|A4D0W4
HMDB0000283,Q9H477
HMDB0000288,P21589|P30085|Q96P26|Q9BXI3|Q8TCD5|Q9NPB1|P49961|Q8WVQ1|O75355|Q9HA47|P22413|O14638|P15291|Q9BY32|P50583|Q9Y227|O75354|O75356|P11172|Q9H3H5|O95848|Q9BZX2|Q9H0P0|Q8NE73|P49902
HMDB0000292,P47989|P00492|Q9Y2T3|P00491
HMDB0000294,P05089|P78540|P00918|P35222|Q15849|Q9BSE5|Q13336|Q5T6X5|Q8N6M5|P10265|Q8WXW8|Q71UV7|P05089|P78540|P00918|P35222|Q15849|Q9BSE5|Q13336|Q5T6X5|Q8N6M5|P10265|Q8WXW8|Q71UV7|P05089|P78540|P00918|P35222|Q15849|Q9BSE5|Q13336|Q5T6X5|Q8N6M5|P10265|Q8WXW8|Q71UV7|P05089|P78540|P00918|P35222|Q15849|Q9BSE5|Q13336|Q5T6X5|Q8N6M5|P10265|Q8WXW8|Q71UV7|P05089|P78540|P00918|P35222|Q15849|Q9BSE5|Q13336|Q5T6X5|Q8N6M5|P10265|Q8WXW8|Q71UV7|P05089|P78540|P00918|P35222|Q15849|Q9BSE5|Q13336|Q5T6X5|Q8N6M5|P10265|Q8WXW8|Q71UV7|P05089|P78540|P00918|P35222|Q15849|Q9BSE5|Q13336|Q5T6X5|Q8N6M5|P10265|Q8WXW8|Q71UV7|P05089|P78540|P00918|P35222|Q15849|Q9BSE5|Q13336|Q5T6X5|Q8N6M5|P10265|Q8WXW8|Q71UV7|P05089|P78540|P00918|P35222|Q15849|Q9BSE5|Q13336|Q5T6X5|Q8N6M5|P10265|Q8WXW8|Q71UV7|P05089|P78540|P00918|P35222|Q15849|Q9BSE5|Q13336|Q5T6X5|Q8N6M5|P10265|Q8WXW8|Q71UV7|P05089|P78540|P00918|P35222|Q15849|Q9BSE5|Q13336|Q5T6X5|Q8N6M5|P10265|Q8WXW8|Q71UV7|P05089|P78540|P00918|P35222|Q15849|Q9BSE5|Q13336|Q5T6X5|Q8N6M5|P10265|Q8WXW8|Q71UV7|P05089|P78540|P00918|P35222|Q15849|Q9BSE5|Q13336|Q5T6X5|Q8N6M5|P10265|Q8WXW8|Q71UV7|P05089|P78540|P00918|P35222|Q15849|Q9BSE5|Q13336|Q5T6X5|Q8N6M5|P10265|Q8WXW8|Q71UV7|P05089|P78540|P00918|P35222|Q15849|Q9BSE5|Q13336|Q5T6X5|Q8N6M5|P10265|Q8WXW8|Q71UV7
HMDB0000296,P21589|Q96P26|Q9BXI3|Q8TCD5|Q9NPB1|Q9HA47|Q9Y606|O60832|Q9BZX2|Q546Y9|Q9H0P0|P49902|P32320|Q16831|O95045|Q9NWZ5|Q3MIT2|Q9BZE2|Q8N0Z8|Q6NTF7|P31941|Q9UH17|Q9NRW3|Q96AK3|Q8IUX4|P21589|Q96P26|Q9BXI3|Q8TCD5|Q9NPB1|Q9HA47|Q9Y606|O60832|Q9BZX2|Q546Y9|Q9H0P0|P49902|P32320|Q16831|O95045|Q9NWZ5|Q3MIT2|Q9BZE2|Q8N0Z8|Q6NTF7|P31941|Q9UH17|Q9NRW3|Q96AK3|Q8IUX4|P21589|Q96P26|Q9BXI3|Q8TCD5|Q9NPB1|Q9HA47|Q9Y606|O60832|Q9BZX2|Q546Y9|Q9H0P0|P49902|P32320|Q16831|O95045|Q9NWZ5|Q3MIT2|Q9BZE2|Q8N0Z8|Q6NTF7|P31941|Q9UH17|Q9NRW3|Q96AK3|Q8IUX4|P21589|Q96P26|Q9BXI3|Q8TCD5|Q9NPB1|Q9HA47|Q9Y606|O60832|Q9BZX2|Q546Y9|Q9H0P0|P49902|P32320|Q16831|O95045|Q9NWZ5|Q3MIT2|Q9BZE2|Q8N0Z8|Q6NTF7|P31941|Q9UH17|Q9NRW3|Q96AK3|Q8IUX4|P21589|Q96P26|Q9BXI3|Q8TCD5|Q9NPB1|Q9HA47|Q9Y606|O60832|Q9BZX2|Q546Y9|Q9H0P0|P49902|P32320|Q16831|O95045|Q9NWZ5|Q3MIT2|Q9BZE2|Q8N0Z8|Q6NTF7|P31941|Q9UH17|Q9NRW3|Q96AK3|Q8IUX4|P21589|Q96P26|Q9BXI3|Q8TCD5|Q9NPB1|Q9HA47|Q9Y606|O60832|Q9BZX2|Q546Y9|Q9H0P0|P49902|P32320|Q16831|O95045|Q9NWZ5|Q3MIT2|Q9BZE2|Q8N0Z8|Q6NTF7|P31941|Q9UH17|Q9NRW3|Q96AK3|Q8IUX4|P21589|Q96P26|Q9BXI3|Q8TCD5|Q9NPB1|Q9HA47|Q9Y606|O60832|Q9BZX2|Q546Y9|Q9H0P0|P49902|P32320|Q16831|O95045|Q9NWZ5|Q3MIT2|Q9BZE2|Q8N0Z8|Q6NTF7|P31941|Q9UH17|Q9NRW3|Q96AK3|Q8IUX4|P21589|Q96P26|Q9BXI3|Q8TCD5|Q9NPB1|Q9HA47|Q9Y606|O60832|Q9BZX2|Q546Y9|Q9H0P0|P49902|P32320|Q16831|O95045|Q9NWZ5|Q3MIT2|Q9BZE2|Q8N0Z8|Q6NTF7|P31941|Q9UH17|Q9NRW3|Q96AK3|Q8IUX4|P21589|Q96P26|Q9BXI3|Q8TCD5|Q9NPB1|Q9HA47|Q9Y606|O60832|Q9BZX2|Q546Y9|Q9H0P0|P49902|P32320|Q16831|O95045|Q9NWZ5|Q3MIT2|Q9BZE2|Q8N0Z8|Q6NTF7|P31941|Q9UH17|Q9NRW3|Q96AK3|Q8IUX4|P21589|Q96P26|Q9BXI3|Q8TCD5|Q9NPB1|Q9HA47|Q9Y606|O60832|Q9BZX2|Q546Y9|Q9H0P0|P49902|P32320|Q16831|O95045|Q9NWZ5|Q3MIT2|Q9BZE2|Q8N0Z8|Q6NTF7|P31941|Q9UH17|Q9NRW3|Q96AK3|Q8IUX4|P21589|Q96P26|Q9BXI3|Q8TCD5|Q9NPB1|Q9HA47|Q9Y606|O60832|Q9BZX2|Q546Y9|Q9H0P0|P49902|P32320|Q16831|O95045|Q9NWZ5|Q3MIT2|Q9BZE2|Q8N0Z8|Q6NTF7|P31941|Q9UH17|Q9NRW3|Q96AK3|Q8IUX4|P21589|Q96P26|Q9BXI3|Q8TCD5|Q9NPB1|Q9HA47|Q9Y606|O60832|Q9BZX2|Q546Y9|Q9H0P0|P49902|P32320|Q16831|O95045|Q9NWZ5|Q3MIT2|Q9BZE2|Q8N0Z8|Q6NTF7|P31941|Q9UH17|Q9NRW3|Q96AK3|Q8IUX4|P21589|Q96P26|Q9BXI3|Q8TCD5|Q9NPB1|Q9HA47|Q9Y606|O60832|Q9BZX2|Q546Y9|Q9H0P0|P49902|P32320|Q16831|O95045|Q9NWZ5|Q3MIT2|Q9BZE2|Q8N0Z8|Q6NTF7|P31941|Q9UH17|Q9NRW3|Q96AK3|Q8IUX4|P21589|Q96P26|Q9BXI3|Q8TCD5|Q9NPB1|Q9HA47|Q9Y606|O60832|Q9BZX2|Q546Y9|Q9H0P0|P49902|P32320|Q16831|O95045|Q9NWZ5|Q3MIT2|Q9BZE2|Q8N0Z8|Q6NTF7|P31941|Q9UH17|Q9NRW3|Q96AK3|Q8IUX4|P21589|Q96P26|Q9BXI3|Q8TCD5|Q9NPB1|Q9HA47|Q9Y606|O60832|Q9BZX2|Q546Y9|Q9H0P0|P49902|P32320|Q16831|O95045|Q9NWZ5|Q3MIT2|Q9BZE2|Q8N0Z8|Q6NTF7|P31941|Q9UH17|Q9NRW3|Q96AK3|Q8IUX4
HMDB0000300,Q12882|P00491|P19971|Q16831|O95045|Q9NWZ5|Q96BW1|Q13304
HMDB0000303,Q16613|P27338|P21397|P20711|P19801|O95050|P35869
HMDB0000306,P14679|P27338|P21397|P20711|P19801|Q16853|O75106|P08913|P18089|Q96RJ0
HMDB0000362,P07738|P15259|Q8N0Y7|P18669|Q16875|Q16877|P16118|O60825|P07205|P00558|Q96HS1|A4D2J6|Q0D2Q6|Q53G35|Q6FHU2|Q6P6D7
HMDB0000482,Q9UKG9|P23786|Q9NSA0|O43772|Q4U2R8
HMDB0000500,P22309|Q96H96|Q6IB77|P0DMM9
HMDB0000510,P49419|Q8N5Z0|Q4W5N8|Q4L235|Q9NRN7
HMDB0000511,Q9UKG9|P23786|O43772|P09958|Q9NZD2
HMDB0000517,P05089|P50440|P54136|P00966|Q9UM07|Q9ULW8|P04424|Q8N6T7|Q13508|Q96L15|P52961|Q93070|P35228|P29475|P29474|P78540|Q96A70|Q9UM01|P08195|P30825|Q5T160|A5YM72|Q92536|B3VK56|P54922|P05089|P50440|P54136|P00966|Q9UM07|Q9ULW8|P04424|Q8N6T7|Q13508|Q96L15|P52961|Q93070|P35228|P29475|P29474|P78540|Q96A70|Q9UM01|P08195|P30825|Q5T160|A5YM72|Q92536|B3VK56|P54922
HMDB0000532,Q6IB77|Q969I3|Q8WU03|Q6IB77|Q969I3|Q8WU03|Q6IB77|Q969I3|Q8WU03|Q6IB77|Q969I3|Q8WU03|Q6IB77|Q969I3|Q8WU03|Q6IB77|Q969I3|Q8WU03|Q6IB77|Q969I3|Q8WU03|Q6IB77|Q969I3|Q8WU03|Q6IB77|Q969I3|Q8WU03|Q6IB77|Q969I3|Q8WU03|Q6IB77|Q969I3|Q8WU03|Q6IB77|Q969I3|Q8WU03|Q6IB77|Q969I3|Q8WU03|Q6IB77|Q969I3|Q8WU03|Q6IB77|Q969I3|Q8WU03
HMDB0000535,Q9UKG9|P23786|O43772|Q08AH1|Q6P461|Q08AH3|Q68CK6|Q53FZ2|Q6NUN0|P0C7M7
HMDB0000538,P30085|P27707|P53396|O00763|P11498|Q9NR19|Q9NUB1|Q13085|P23919|P49961|Q8WVQ1|O75355|Q15166|Q9HA47|O00746|P23921|P15531|Q9Y5B8|P31350|P22392|Q13232|O75414|P35557|P52790|P52789
HMDB0000574,P17174|P00505|P15144|P48506|P48507|P32929|Q16769|P35520|P48637|P28838|Q9Y600|Q16878|P16455|Q9UHI5|Q9Y697|Q9HAB8|P08195|Q9BZV2|Q8TF71|Q9HA77|Q9UHG3|Q96EN8|P49589|O75223|Q16857
HMDB0000625,Q15493|Q5T6J7
HMDB0000638,P14555|Q9UNK4|Q9UKG9|P23786|P11766|P17900|P02788|O00206|O43772|Q9NZD2|Q9NV23
HMDB0000641,O94808|Q06210|Q06203|Q16773|P47897|P08243|P49915|Q08188|P21980|P15104|P00488|Q9UI32|P17812|O43548|O94925|P49221|P22735|O95932|Q96PF1|O15067|O75879|Q15758|Q9UHI5|Q99624|Q6IA69|O94808|Q06210|Q06203|Q16773|P47897|P08243|P49915|Q08188|P21980|P15104|P00488|Q9UI32|P17812|O43548|O94925|P49221|P22735|O95932|Q96PF1|O15067|O75879|Q15758|Q9UHI5|Q99624|Q6IA69|O94808|Q06210|Q06203|Q16773|P47897|P08243|P49915|Q08188|P21980|P15104|P00488|Q9UI32|P17812|O43548|O94925|P49221|P22735|O95932|Q96PF1|O15067|O75879|Q15758|Q9UHI5|Q99624|Q6IA69|O94808|Q06210|Q06203|Q16773|P47897|P08243|P49915|Q08188|P21980|P15104|P00488|Q9UI32|P17812|O43548|O94925|P49221|P22735|O95932|Q96PF1|O15067|O75879|Q15758|Q9UHI5|Q99624|Q6IA69|O94808|Q06210|Q06203|Q16773|P47897|P08243|P49915|Q08188|P21980|P15104|P00488|Q9UI32|P17812|O43548|O94925|P49221|P22735|O95932|Q96PF1|O15067|O75879|Q15758|Q9UHI5|Q99624|Q6IA69|O94808|Q06210|Q06203|Q16773|P47897|P08243|P49915|Q08188|P21980|P15104|P00488|Q9UI32|P17812|O43548|O94925|P49221|P22735|O95932|Q96PF1|O15067|O75879|Q15758|Q9UHI5|Q99624|Q6IA69|O94808|Q06210|Q06203|Q16773|P47897|P08243|P49915|Q08188|P21980|P15104|P00488|Q9UI32|P17812|O43548|O94925|P49221|P22735|O95932|Q96PF1|O15067|O75879|Q15758|Q9UHI5|Q99624|Q6IA69|O94808|Q06210|Q06203|Q16773|P47897|P08243|P49915|Q08188|P21980|P15104|P00488|Q9UI32|P17812|O43548|O94925|P49221|P22735|O95932|Q96PF1|O15067|O75879|Q15758|Q9UHI5|Q99624|Q6IA69|O94808|Q06210|Q06203|Q16773|P47897|P08243|P49915|Q08188|P21980|P15104|P00488|Q9UI32|P17812|O43548|O94925|P49221|P22735|O95932|Q96PF1|O15067|O75879|Q15758|Q9UHI5|Q99624|Q6IA69|O94808|Q06210|Q06203|Q16773|P47897|P08243|P49915|Q08188|P21980|P15104|P00488|Q9UI32|P17812|O43548|O94925|P49221|P22735|O95932|Q96PF1|O15067|O75879|Q15758|Q9UHI5|Q99624|Q6IA69|O94808|Q06210|Q06203|Q16773|P47897|P08243|P49915|Q08188|P21980|P15104|P00488|Q9UI32|P17812|O43548|O94925|P49221|P22735|O95932|Q96PF1|O15067|O75879|Q15758|Q9UHI5|Q99624|Q6IA69|O94808|Q06210|Q06203|Q16773|P47897|P08243|P49915|Q08188|P21980|P15104|P00488|Q9UI32|P17812|O43548|O94925|P49221|P22735|O95932|Q96PF1|O15067|O75879|Q15758|Q9UHI5|Q99624|Q6IA69|O94808|Q06210|Q06203|Q16773|P47897|P08243|P49915|Q08188|P21980|P15104|P00488|Q9UI32|P17812|O43548|O94925|P49221|P22735|O95932|Q96PF1|O15067|O75879|Q15758|Q9UHI5|Q99624|Q6IA69|O94808|Q06210|Q06203|Q16773|P47897|P08243|P49915|Q08188|P21980|P15104|P00488|Q9UI32|P17812|O43548|O94925|P49221|P22735|O95932|Q96PF1|O15067|O75879|Q15758|Q9UHI5|Q99624|Q6IA69|O94808|Q06210|Q06203|Q16773|P47897|P08243|P49915|Q08188|P21980|P15104|P00488|Q9UI32|P17812|O43548|O94925|P49221|P22735|O95932|Q96PF1|O15067|O75879|Q15758|Q9UHI5|Q99624|Q6IA69
HMDB0000660,P52790|P52789|P19367|P14410|Q00796|P50053|P10253|O43451|Q8TET4|Q9NRX4|Q2TB90|Q13613|Q13614|Q9Y217|Q9Y216|P52790|P52789|P19367|P14410|Q00796|P50053|P10253|O43451|Q8TET4|Q9NRX4|Q2TB90|Q13613|Q13614|Q9Y217|Q9Y216|P52790|P52789|P19367|P14410|Q00796|P50053|P10253|O43451|Q8TET4|Q9NRX4|Q2TB90|Q13613|Q13614|Q9Y217|Q9Y216|P52790|P52789|P19367|P14410|Q00796|P50053|P10253|O43451|Q8TET4|Q9NRX4|Q2TB90|Q13613|Q13614|Q9Y217|Q9Y216|P52790|P52789|P19367|P14410|Q00796|P50053|P10253|O43451|Q8TET4|Q9NRX4|Q2TB90|Q13613|Q13614|Q9Y217|Q9Y216|P52790|P52789|P19367|P14410|Q00796|P50053|P10253|O43451|Q8TET4|Q9NRX4|Q2TB90|Q13613|Q13614|Q9Y217|Q9Y216|P52790|P52789|P19367|P14410|Q00796|P50053|P10253|O43451|Q8TET4|Q9NRX4|Q2TB90|Q13613|Q13614|Q9Y217|Q9Y216|P52790|P52789|P19367|P14410|Q00796|P50053|P10253|O43451|Q8TET4|Q9NRX4|Q2TB90|Q13613|Q13614|Q9Y217|Q9Y216|P52790|P52789|P19367|P14410|Q00796|P50053|P10253|O43451|Q8TET4|Q9NRX4|Q2TB90|Q13613|Q13614|Q9Y217|Q9Y216|P52790|P52789|P19367|P14410|Q00796|P50053|P10253|O43451|Q8TET4|Q9NRX4|Q2TB90|Q13613|Q13614|Q9Y217|Q9Y216|P52790|P52789|P19367|P14410|Q00796|P50053|P10253|O43451|Q8TET4|Q9NRX4|Q2TB90|Q13613|Q13614|Q9Y217|Q9Y216|P52790|P52789|P19367|P14410|Q00796|P50053|P10253|O43451|Q8TET4|Q9NRX4|Q2TB90|Q13613|Q13614|Q9Y217|Q9Y216|P52790|P52789|P19367|P14410|Q00796|P50053|P10253|O43451|Q8TET4|Q9NRX4|Q2TB90|Q13613|Q13614|Q9Y217|Q9Y216|P52790|P52789|P19367|P14410|Q00796|P50053|P10253|O43451|Q8TET4|Q9NRX4|Q2TB90|Q13613|Q13614|Q9Y217|Q9Y216|P52790|P52789|P19367|P14410|Q00796|P50053|P10253|O43451|Q8TET4|Q9NRX4|Q2TB90|Q13613|Q13614|Q9Y217|Q9Y216
HMDB0000661,Q9NSA0|Q4U2R8|Q9Y694
HMDB0000673,P39877|Q9BZM2|P47712|P04054|Q9BX93|O15496|Q9NZK7|Q9BZM1|O60733|P14555|Q9UNK4|Q9UP65|Q9NZ20|Q14032|P09917|O15296|P16050|P08684|P11712|P33261|O00154|P49753|Q8N9L9|O14734|P05181
HMDB0000687,P54687|O15382|Q15031|Q9P2J5|Q9UHI5|P08195|O60294|Q9UIC8|P54687|O15382|Q15031|Q9P2J5|Q9UHI5|P08195|O60294|Q9UIC8|P54687|O15382|Q15031|Q9P2J5|Q9UHI5|P08195|O60294|Q9UIC8|P54687|O15382|Q15031|Q9P2J5|Q9UHI5|P08195|O60294|Q9UIC8|P54687|O15382|Q15031|Q9P2J5|Q9UHI5|P08195|O60294|Q9UIC8|P54687|O15382|Q15031|Q9P2J5|Q9UHI5|P08195|O60294|Q9UIC8|P54687|O15382|Q15031|Q9P2J5|Q9UHI5|P08195|O60294|Q9UIC8|P54687|O15382|Q15031|Q9P2J5|Q9UHI5|P08195|O60294|Q9UIC8|P54687|O15382|Q15031|Q9P2J5|Q9UHI5|P08195|O60294|Q9UIC8|P54687|O15382|Q15031|Q9P2J5|Q9UHI5|P08195|O60294|Q9UIC8|P54687|O15382|Q15031|Q9P2J5|Q9UHI5|P08195|O60294|Q9UIC8|P54687|O15382|Q15031|Q9P2J5|Q9UHI5|P08195|O60294|Q9UIC8|P54687|O15382|Q15031|Q9P2J5|Q9UHI5|P08195|O60294|Q9UIC8|P54687|O15382|Q15031|Q9P2J5|Q9UHI5|P08195|O60294|Q9UIC8|P54687|O15382|Q15031|Q9P2J5|Q9UHI5|P08195|O60294|Q9UIC8|P54687|O15382|Q15031|Q9P2J5|Q9UHI5|P08195|O60294|Q9UIC8
HMDB0000694,Q9H9P8
HMDB0000696,Q99707|P42898|P17735|P31153|Q9HBK9|O95050|Q00266|Q9UBK8|Q16773|Q9UJ68|Q93088|P56192|P15104|O43766|Q9NZL9|Q9H2M3|Q8TF71|P50579|Q96RQ9|Q6YP21|Q9Y3D2|Q8IXL7|Q96GW9|Q9NZV6|Q99707|P42898|P17735|P31153|Q9HBK9|O95050|Q00266|Q9UBK8|Q16773|Q9UJ68|Q93088|P56192|P15104|O43766|Q9NZL9|Q9H2M3|Q8TF71|P50579|Q96RQ9|Q6YP21|Q9Y3D2|Q8IXL7|Q96GW9|Q9NZV6|Q99707|P42898|P17735|P31153|Q9HBK9|O95050|Q00266|Q9UBK8|Q16773|Q9UJ68|Q93088|P56192|P15104|O43766|Q9NZL9|Q9H2M3|Q8TF71|P50579|Q96RQ9|Q6YP21|Q9Y3D2|Q8IXL7|Q96GW9|Q9NZV6|Q99707|P42898|P17735|P31153|Q9HBK9|O95050|Q00266|Q9UBK8|Q16773|Q9UJ68|Q93088|P56192|P15104|O43766|Q9NZL9|Q9H2M3|Q8TF71|P50579|Q96RQ9|Q6YP21|Q9Y3D2|Q8IXL7|Q96GW9|Q9NZV6|Q99707|P42898|P17735|P31153|Q9HBK9|O95050|Q00266|Q9UBK8|Q16773|Q9UJ68|Q93088|P56192|P15104|O43766|Q9NZL9|Q9H2M3|Q8TF71|P50579|Q96RQ9|Q6YP21|Q9Y3D2|Q8IXL7|Q96GW9|Q9NZV6|Q99707|P42898|P17735|P31153|Q9HBK9|O95050|Q00266|Q9UBK8|Q16773|Q9UJ68|Q93088|P56192|P15104|O43766|Q9NZL9|Q9H2M3|Q8TF71|P50579|Q96RQ9|Q6YP21|Q9Y3D2|Q8IXL7|Q96GW9|Q9NZV6|Q99707|P42898|P17735|P31153|Q9HBK9|O95050|Q00266|Q9UBK8|Q16773|Q9UJ68|Q93088|P56192|P15104|O43766|Q9NZL9|Q9H2M3|Q8TF71|P50579|Q96RQ9|Q6YP21|Q9Y3D2|Q8IXL7|Q96GW9|Q9NZV6|Q99707|P42898|P17735|P31153|Q9HBK9|O95050|Q00266|Q9UBK8|Q16773|Q9UJ68|Q93088|P56192|P15104|O43766|Q9NZL9|Q9H2M3|Q8TF71|P50579|Q96RQ9|Q6YP21|Q9Y3D2|Q8IXL7|Q96GW9|Q9NZV6|Q99707|P42898|P17735|P31153|Q9HBK9|O95050|Q00266|Q9UBK8|Q16773|Q9UJ68|Q93088|P56192|P15104|O43766|Q9NZL9|Q9H2M3|Q8TF71|P50579|Q96RQ9|Q6YP21|Q9Y3D2|Q8IXL7|Q96GW9|Q9NZV6|Q99707|P42898|P17735|P31153|Q9HBK9|O95050|Q00266|Q9UBK8|Q16773|Q9UJ68|Q93088|P56192|P15104|O43766|Q9NZL9|Q9H2M3|Q8TF71|P50579|Q96RQ9|Q6YP21|Q9Y3D2|Q8IXL7|Q96GW9|Q9NZV6|Q99707|P42898|P17735|P31153|Q9HBK9|O95050|Q00266|Q9UBK8|Q16773|Q9UJ68|Q93088|P56192|P15104|O43766|Q9NZL9|Q9H2M3|Q8TF71|P50579|Q96RQ9|Q6YP21|Q9Y3D2|Q8IXL7|Q96GW9|Q9NZV6|Q99707|P42898|P17735|P31153|Q9HBK9|O95050|Q00266|Q9UBK8|Q16773|Q9UJ68|Q93088|P56192|P15104|O43766|Q9NZL9|Q9H2M3|Q8TF71|P50579|Q96RQ9|Q6YP21|Q9Y3D2|Q8IXL7|Q96GW9|Q9NZV6|Q99707|P42898|P17735|P31153|Q9HBK9|O95050|Q00266|Q9UBK8|Q16773|Q9UJ68|Q93088|P56192|P15104|O43766|Q9NZL9|Q9H2M3|Q8TF71|P50579|Q96RQ9|Q6YP21|Q9Y3D2|Q8IXL7|Q96GW9|Q9NZV6|Q99707|P42898|P17735|P31153|Q9HBK9|O95050|Q00266|Q9UBK8|Q16773|Q9UJ68|Q93088|P56192|P15104|O43766|Q9NZL9|Q9H2M3|Q8TF71|P50579|Q96RQ9|Q6YP21|Q9Y3D2|Q8IXL7|Q96GW9|Q9NZV6|Q99707|P42898|P17735|P31153|Q9HBK9|O95050|Q00266|Q9UBK8|Q16773|Q9UJ68|Q93088|P56192|P15104|O43766|Q9NZL9|Q9H2M3|Q8TF71|P50579|Q96RQ9|Q6YP21|Q9Y3D2|Q8IXL7|Q96GW9|Q9NZV6
HMDB0000700,Q6NVY1
HMDB0000707,P14174|P17735|P17174|P00505|P22309|P32754|Q96RQ9|P0DMM9
HMDB0000714,Q6IB77|Q969I3|Q8WU03|Q5SZD4|Q6IB77|Q969I3|Q8WU03|Q5SZD4|Q6IB77|Q969I3|Q8WU03|Q5SZD4|Q6IB77|Q969I3|Q8WU03|Q5SZD4|Q6IB77|Q969I3|Q8WU03|Q5SZD4|Q6IB77|Q969I3|Q8WU03|Q5SZD4|Q6IB77|Q969I3|Q8WU03|Q5SZD4|Q6IB77|Q969I3|Q8WU03|Q5SZD4|Q6IB77|Q969I3|Q8WU03|Q5SZD4|Q6IB77|Q969I3|Q8WU03|Q5SZD4|Q6IB77|Q969I3|Q8WU03|Q5SZD4|Q6IB77|Q969I3|Q8WU03|Q5SZD4|Q6IB77|Q969I3|Q8WU03|Q5SZD4|Q6IB77|Q969I3|Q8WU03|Q5SZD4|Q6IB77|Q969I3|Q8WU03|Q5SZD4
HMDB0000725,P14920|O15460|P32322|P13674|Q96C36|P27487|O43272|Q53H96|P43007|Q7Z4N2|Q7Z4N8|Q9GZT9|Q96KS0|Q9H6Z9|Q9NXG6
HMDB0000729,P22309
HMDB0000754,P22309
HMDB0000765,P08183|P08183|P08183|P08183|P08183|P08183|P08183|P08183|P08183|P08183|P08183|P08183|P08183|P08183|P08183
HMDB0000766,P31327|Q8N159
HMDB0000806,P49327|P39877|Q9BZM2|P47712|P04054|O15496|Q9UHV8|Q9NZK7|Q9BZM1|O60733|Q05315|P14555|Q9UNK4|Q9BTZ2|P16233|P11150|P54315|Q9NST1|P07098|Q9Y5X9|P19835|P54317|P06858|P23141|O00748
HMDB0000807,P07738|P15259|Q8N0Y7|P18669|P14621|P07311|O43175|P07205|P00558|Q8IVS8|Q6PCE3
HMDB0000824,P43155|O43772
HMDB0000827,P49327|P39877|Q9BZM2|P47712|P04054|O15496|Q9UHV8|Q9NZK7|Q9BZM1|O60733|Q05315|P14555|Q9UNK4|P16233|P11150|P54315|Q9NST1|P07098|Q9Y5X9|P19835|P54317|P06858|P23141|O00748|P06276
HMDB0000847,Q08AH1|Q6P461|Q08AH3|Q68CK6|Q53FZ2|Q6NUN0|P0C7M7
HMDB0000883,P05166|P21964|P54687|O15382|P26640|Q8TF71|Q5ST30|P05166|P21964|P54687|O15382|P26640|Q8TF71|Q5ST30|P05166|P21964|P54687|O15382|P26640|Q8TF71|Q5ST30|P05166|P21964|P54687|O15382|P26640|Q8TF71|Q5ST30|P05166|P21964|P54687|O15382|P26640|Q8TF71|Q5ST30|P05166|P21964|P54687|O15382|P26640|Q8TF71|Q5ST30|P05166|P21964|P54687|O15382|P26640|Q8TF71|Q5ST30|P05166|P21964|P54687|O15382|P26640|Q8TF71|Q5ST30|P05166|P21964|P54687|O15382|P26640|Q8TF71|Q5ST30|P05166|P21964|P54687|O15382|P26640|Q8TF71|Q5ST30|P05166|P21964|P54687|O15382|P26640|Q8TF71|Q5ST30|P05166|P21964|P54687|O15382|P26640|Q8TF71|Q5ST30|P05166|P21964|P54687|O15382|P26640|Q8TF71|Q5ST30|P05166|P21964|P54687|O15382|P26640|Q8TF71|Q5ST30|P05166|P21964|P54687|O15382|P26640|Q8TF71|Q5ST30|P05166|P21964|P54687|O15382|P26640|Q8TF71|Q5ST30
HMDB0000904,P00966|Q6TGC4|Q9UM07|Q9ULW8|Q9Y2J8|Q9ULC6|O94760|O95865|P35228|P00480|P29475|P29474|Q5T6L4|B3VK56|P00966|Q6TGC4|Q9UM07|Q9ULW8|Q9Y2J8|Q9ULC6|O94760|O95865|P35228|P00480|P29475|P29474|Q5T6L4|B3VK56|P00966|Q6TGC4|Q9UM07|Q9ULW8|Q9Y2J8|Q9ULC6|O94760|O95865|P35228|P00480|P29475|P29474|Q5T6L4|B3VK56|P00966|Q6TGC4|Q9UM07|Q9ULW8|Q9Y2J8|Q9ULC6|O94760|O95865|P35228|P00480|P29475|P29474|Q5T6L4|B3VK56|P00966|Q6TGC4|Q9UM07|Q9ULW8|Q9Y2J8|Q9ULC6|O94760|O95865|P35228|P00480|P29475|P29474|Q5T6L4|B3VK56|P00966|Q6TGC4|Q9UM07|Q9ULW8|Q9Y2J8|Q9ULC6|O94760|O95865|P35228|P00480|P29475|P29474|Q5T6L4|B3VK56|P00966|Q6TGC4|Q9UM07|Q9ULW8|Q9Y2J8|Q9ULC6|O94760|O95865|P35228|P00480|P29475|P29474|Q5T6L4|B3VK56|P00966|Q6TGC4|Q9UM07|Q9ULW8|Q9Y2J8|Q9ULC6|O94760|O95865|P35228|P00480|P29475|P29474|Q5T6L4|B3VK56|P00966|Q6TGC4|Q9UM07|Q9ULW8|Q9Y2J8|Q9ULC6|O94760|O95865|P35228|P00480|P29475|P29474|Q5T6L4|B3VK56|P00966|Q6TGC4|Q9UM07|Q9ULW8|Q9Y2J8|Q9ULC6|O94760|O95865|P35228|P00480|P29475|P29474|Q5T6L4|B3VK56|P00966|Q6TGC4|Q9UM07|Q9ULW8|Q9Y2J8|Q9ULC6|O94760|O95865|P35228|P00480|P29475|P29474|Q5T6L4|B3VK56|P00966|Q6TGC4|Q9UM07|Q9ULW8|Q9Y2J8|Q9ULC6|O94760|O95865|P35228|P00480|P29475|P29474|Q5T6L4|B3VK56|P00966|Q6TGC4|Q9UM07|Q9ULW8|Q9Y2J8|Q9ULC6|O94760|O95865|P35228|P00480|P29475|P29474|Q5T6L4|B3VK56|P00966|Q6TGC4|Q9UM07|Q9ULW8|Q9Y2J8|Q9ULC6|O94760|O95865|P35228|P00480|P29475|P29474|Q5T6L4|B3VK56|P00966|Q6TGC4|Q9UM07|Q9ULW8|Q9Y2J8|Q9ULC6|O94760|O95865|P35228|P00480|P29475|P29474|Q5T6L4|B3VK56|P00966|Q6TGC4|Q9UM07|Q9ULW8|Q9Y2J8|Q9ULC6|O94760|O95865|P35228|P00480|P29475|P29474|Q5T6L4|B3VK56
HMDB0000929,P20711|P14902|P17752|Q8IWU9|P23381|Q9UGM6|P36021|Q8TF71|P48775|Q6ZQW0|Q96RQ9|P20711|P14902|P17752|Q8IWU9|P23381|Q9UGM6|P36021|Q8TF71|P48775|Q6ZQW0|Q96RQ9|P20711|P14902|P17752|Q8IWU9|P23381|Q9UGM6|P36021|Q8TF71|P48775|Q6ZQW0|Q96RQ9|P20711|P14902|P17752|Q8IWU9|P23381|Q9UGM6|P36021|Q8TF71|P48775|Q6ZQW0|Q96RQ9|P20711|P14902|P17752|Q8IWU9|P23381|Q9UGM6|P36021|Q8TF71|P48775|Q6ZQW0|Q96RQ9|P20711|P14902|P17752|Q8IWU9|P23381|Q9UGM6|P36021|Q8TF71|P48775|Q6ZQW0|Q96RQ9|P20711|P14902|P17752|Q8IWU9|P23381|Q9UGM6|P36021|Q8TF71|P48775|Q6ZQW0|Q96RQ9|P20711|P14902|P17752|Q8IWU9|P23381|Q9UGM6|P36021|Q8TF71|P48775|Q6ZQW0|Q96RQ9|P20711|P14902|P17752|Q8IWU9|P23381|Q9UGM6|P36021|Q8TF71|P48775|Q6ZQW0|Q96RQ9|P20711|P14902|P17752|Q8IWU9|P23381|Q9UGM6|P36021|Q8TF71|P48775|Q6ZQW0|Q96RQ9|P20711|P14902|P17752|Q8IWU9|P23381|Q9UGM6|P36021|Q8TF71|P48775|Q6ZQW0|Q96RQ9|P20711|P14902|P17752|Q8IWU9|P23381|Q9UGM6|P36021|Q8TF71|P48775|Q6ZQW0|Q96RQ9|P20711|P14902|P17752|Q8IWU9|P23381|Q9UGM6|P36021|Q8TF71|P48775|Q6ZQW0|Q96RQ9|P20711|P14902|P17752|Q8IWU9|P23381|Q9UGM6|P36021|Q8TF71|P48775|Q6ZQW0|Q96RQ9|P20711|P14902|P17752|Q8IWU9|P23381|Q9UGM6|P36021|Q8TF71|P48775|Q6ZQW0|Q96RQ9|P20711|P14902|P17752|Q8IWU9|P23381|Q9UGM6|P36021|Q8TF71|P48775|Q6ZQW0|Q96RQ9
HMDB0000935,Q9BY64|P06133|P22310|P36537|P16662|P54855|Q9Y4X1|P22309|O60656|Q9HAW9|P35503|Q9HAW8|O75795|P19224|P35504|O75310|Q9HAW7|O60701|O94766|Q9NPZ5|Q9P2W7|Q70JA7|Q8IZ52|Q86X52|Q16394
HMDB0000939,Q9UBM1|P46597|P21964|Q8TEK3|Q14749|Q8WTS6|P11086|Q9H2P9|Q9HBK9|O75648|Q96L73|Q15047|P22061|O60725|O95050|Q9Y6K1|Q9NZJ6|Q96KQ7|Q9UBK8|O43463|P40261|Q9H5I1|Q9H9B1|Q14353|P50135
HMDB0000957,P17516|P21964|P50224|P42330|Q04828|P52895|P22309|Q9UQ10|Q8WZ04
HMDB0001043,P49327|P39877|Q9BZM2|P47712|P04054|Q9BX93|O15496|Q9UHV8|Q9NZK7|Q9BZM1|O60733|Q05315|P14555|Q9UNK4|P16233|P11150|P54315|Q9NST1|P07098|Q9Y5X9|P19835|P54317|P06858|Q02928|P23141|P49327|P39877|Q9BZM2|P47712|P04054|Q9BX93|O15496|Q9UHV8|Q9NZK7|Q9BZM1|O60733|Q05315|P14555|Q9UNK4|P16233|P11150|P54315|Q9NST1|P07098|Q9Y5X9|P19835|P54317|P06858|Q02928|P23141|P49327|P39877|Q9BZM2|P47712|P04054|Q9BX93|O15496|Q9UHV8|Q9NZK7|Q9BZM1|O60733|Q05315|P14555|Q9UNK4|P16233|P11150|P54315|Q9NST1|P07098|Q9Y5X9|P19835|P54317|P06858|Q02928|P23141|P49327|P39877|Q9BZM2|P47712|P04054|Q9BX93|O15496|Q9UHV8|Q9NZK7|Q9BZM1|O60733|Q05315|P14555|Q9UNK4|P16233|P11150|P54315|Q9NST1|P07098|Q9Y5X9|P19835|P54317|P06858|Q02928|P23141|P49327|P39877|Q9BZM2|P47712|P04054|Q9BX93|O15496|Q9UHV8|Q9NZK7|Q9BZM1|O60733|Q05315|P14555|Q9UNK4|P16233|P11150|P54315|Q9NST1|P07098|Q9Y5X9|P19835|P54317|P06858|Q02928|P23141|P49327|P39877|Q9BZM2|P47712|P04054|Q9BX93|O15496|Q9UHV8|Q9NZK7|Q9BZM1|O60733|Q05315|P14555|Q9UNK4|P16233|P11150|P54315|Q9NST1|P07098|Q9Y5X9|P19835|P54317|P06858|Q02928|P23141|P49327|P39877|Q9BZM2|P47712|P04054|Q9BX93|O15496|Q9UHV8|Q9NZK7|Q9BZM1|O60733|Q05315|P14555|Q9UNK4|P16233|P11150|P54315|Q9NST1|P07098|Q9Y5X9|P19835|P54317|P06858|Q02928|P23141|P49327|P39877|Q9BZM2|P47712|P04054|Q9BX93|O15496|Q9UHV8|Q9NZK7|Q9BZM1|O60733|Q05315|P14555|Q9UNK4|P16233|P11150|P54315|Q9NST1|P07098|Q9Y5X9|P19835|P54317|P06858|Q02928|P23141|P49327|P39877|Q9BZM2|P47712|P04054|Q9BX93|O15496|Q9UHV8|Q9NZK7|Q9BZM1|O60733|Q05315|P14555|Q9UNK4|P16233|P11150|P54315|Q9NST1|P07098|Q9Y5X9|P19835|P54317|P06858|Q02928|P23141|P49327|P39877|Q9BZM2|P47712|P04054|Q9BX93|O15496|Q9UHV8|Q9NZK7|Q9BZM1|O60733|Q05315|P14555|Q9UNK4|P16233|P11150|P54315|Q9NST1|P07098|Q9Y5X9|P19835|P54317|P06858|Q02928|P23141|P49327|P39877|Q9BZM2|P47712|P04054|Q9BX93|O15496|Q9UHV8|Q9NZK7|Q9BZM1|O60733|Q05315|P14555|Q9UNK4|P16233|P11150|P54315|Q9NST1|P07098|Q9Y5X9|P19835|P54317|P06858|Q02928|P23141|P49327|P39877|Q9BZM2|P47712|P04054|Q9BX93|O15496|Q9UHV8|Q9NZK7|Q9BZM1|O60733|Q05315|P14555|Q9UNK4|P16233|P11150|P54315|Q9NST1|P07098|Q9Y5X9|P19835|P54317|P06858|Q02928|P23141|P49327|P39877|Q9BZM2|P47712|P04054|Q9BX93|O15496|Q9UHV8|Q9NZK7|Q9BZM1|O60733|Q05315|P14555|Q9UNK4|P16233|P11150|P54315|Q9NST1|P07098|Q9Y5X9|P19835|P54317|P06858|Q02928|P23141|P49327|P39877|Q9BZM2|P47712|P04054|Q9BX93|O15496|Q9UHV8|Q9NZK7|Q9BZM1|O60733|Q05315|P14555|Q9UNK4|P16233|P11150|P54315|Q9NST1|P07098|Q9Y5X9|P19835|P54317|P06858|Q02928|P23141|P49327|P39877|Q9BZM2|P47712|P04054|Q9BX93|O15496|Q9UHV8|Q9NZK7|Q9BZM1|O60733|Q05315|P14555|Q9UNK4|P16233|P11150|P54315|Q9NST1|P07098|Q9Y5X9|P19835|P54317|P06858|Q02928|P23141
HMDB0001051,P15121|P49189|P49419|P05091|P51648|P30837|P14550|P04075|P09972|P05062|Q3LXA3|O60218
HMDB0001068,P51854|P37837|P29401|Q9H0I9|Q9UHJ6
HMDB0001170,O75845|Q15800|Q15738|P56937|Q15125|Q15392
HMDB0001185,Q9UBM1|P46597|Q99707|P21964|Q8TEK3|Q14749|Q8WTS6|P31153|P11086|Q9H2P9|Q9HBK9|O75648|Q96L73|Q15047|P22061|O60725|O95050|Q9Y6K1|Q9NZJ6|Q00266|Q96KQ7|P17707|Q9UBK8|O43463|P40261
HMDB0001257,P21673|P42765|Q6QHF9|Q16881|Q8NE62|Q9UI17|P52788|P19623|P49366|P05165|P49189|O75936|Q13126|P17707|P50440|Q93088|Q9UL12|P19113|P11926|Q9H015|O15245|Q9NWM0|Q9BSE5|Q9NVH6|Q9H2M3
HMDB0001316,O95336|O95479|P52209|A9Z1X1|Q5T6J7
HMDB0001321,P51854|P37837|P29401|P04075|P09972|P05062|Q9H0I9
HMDB0001341,P30085|P27707|P53396|O00763|P11498|Q13085|P23919|P49961|Q8WVQ1|O75355|Q15166|Q9HA47|O00746|P23921|P15531|Q9Y5B8|P31350|P22392|Q13232|O75414|P35557|P52790|P52789|P19367|P52824
HMDB0001366,P06737|P00491|P06737|P00491|P06737|P00491|P06737|P00491|P06737|P00491|P06737|P00491|P06737|P00491|P06737|P00491|P06737|P00491|P06737|P00491|P06737|P00491|P06737|P00491|P06737|P00491|P06737|P00491|P06737|P00491
HMDB0001397,P21589|Q96P26|Q9BXI3|Q8TCD5|Q9NPB1|P49961|Q8WVQ1|O75355|Q9BY32|P07741|P00492|Q13956|P54750|O60658|Q01064|Q13370|P51160|Q13946|P49915|Q14432|Q9Y233|Q14123|Q07343|Q9NP56|O76083
HMDB0001401,P35557|P52790|P52789|P19367|P11413|O95479|Q9BRR6|P06737|P11217|P11216|P35575|P06744|P36871|O43826|Q14397|Q96G03|Q9BUM1|Q9NQR9|Q9NPH2|Q2TB90
HMDB0001406,P40261|Q9H2K2|Q8N6T7|Q9Y6F1|Q13508|Q96L15|P52961|O95271|P09874|Q10588|Q9UGN5|P28907|Q93070|Q9UKK3|P08684|P05181|P10635|P00338|P00491|P43490|Q53GL7|Q9NR21|Q9H0J9|Q460N5|Q460N3
HMDB0001414,Q96F10|P21673|Q6QHF9|Q8NE62|Q9UI17|P52788|P19623|P49189|O75936|P19801|Q13126|P17707|P50440|Q93088|Q9UL12|P19113|P11926|Q9H015|Q9NWM0|Q9BSE5|Q9NVH6|Q9H2M3|Q8NCN5|P54368|Q6P1K2
HMDB0001431,Q9NVS9|O00764|Q96GD0|Q8TCD6
HMDB0001473,P05187|P09923|P05186|P10696|P43304|P21695|P04075|P09972|P05062|O15228|P60174|Q3LXA3|Q8N335|Q2QD09
HMDB0001488,Q15274|P40261|P53985|P10635|O76082|O94956|P49019|Q8TDS4|P00491|Q6XQN6
HMDB0001548,P21108|Q9UKK9|P60891|P11908|Q9BW91|P51854|P29401|Q9H477|P36871|O95394|P49247|O94759|Q96G03|Q9H0I9|A6NMS2|Q53FW2|Q3LIE5
HMDB0001847,Q07343|P08684|P11712|P33261|P05181|Q9HB55|Q16678|P10635|P33260|P24903|Q8N118|P20813|P20815|P04798|Q16696|P24462|P13584|Q86W10|P05177|P11511|P10632|Q96SQ9|P51589|P20853|P11509|Q07343|P08684|P11712|P33261|P05181|Q9HB55|Q16678|P10635|P33260|P24903|Q8N118|P20813|P20815|P04798|Q16696|P24462|P13584|Q86W10|P05177|P11511|P10632|Q96SQ9|P51589|P20853|P11509|Q07343|P08684|P11712|P33261|P05181|Q9HB55|Q16678|P10635|P33260|P24903|Q8N118|P20813|P20815|P04798|Q16696|P24462|P13584|Q86W10|P05177|P11511|P10632|Q96SQ9|P51589|P20853|P11509|Q07343|P08684|P11712|P33261|P05181|Q9HB55|Q16678|P10635|P33260|P24903|Q8N118|P20813|P20815|P04798|Q16696|P24462|P13584|Q86W10|P05177|P11511|P10632|Q96SQ9|P51589|P20853|P11509|Q07343|P08684|P11712|P33261|P05181|Q9HB55|Q16678|P10635|P33260|P24903|Q8N118|P20813|P20815|P04798|Q16696|P24462|P13584|Q86W10|P05177|P11511|P10632|Q96SQ9|P51589|P20853|P11509|Q07343|P08684|P11712|P33261|P05181|Q9HB55|Q16678|P10635|P33260|P24903|Q8N118|P20813|P20815|P04798|Q16696|P24462|P13584|Q86W10|P05177|P11511|P10632|Q96SQ9|P51589|P20853|P11509|Q07343|P08684|P11712|P33261|P05181|Q9HB55|Q16678|P10635|P33260|P24903|Q8N118|P20813|P20815|P04798|Q16696|P24462|P13584|Q86W10|P05177|P11511|P10632|Q96SQ9|P51589|P20853|P11509|Q07343|P08684|P11712|P33261|P05181|Q9HB55|Q16678|P10635|P33260|P24903|Q8N118|P20813|P20815|P04798|Q16696|P24462|P13584|Q86W10|P05177|P11511|P10632|Q96SQ9|P51589|P20853|P11509|Q07343|P08684|P11712|P33261|P05181|Q9HB55|Q16678|P10635|P33260|P24903|Q8N118|P20813|P20815|P04798|Q16696|P24462|P13584|Q86W10|P05177|P11511|P10632|Q96SQ9|P51589|P20853|P11509|Q07343|P08684|P11712|P33261|P05181|Q9HB55|Q16678|P10635|P33260|P24903|Q8N118|P20813|P20815|P04798|Q16696|P24462|P13584|Q86W10|P05177|P11511|P10632|Q96SQ9|P51589|P20853|P11509|Q07343|P08684|P11712|P33261|P05181|Q9HB55|Q16678|P10635|P33260|P24903|Q8N118|P20813|P20815|P04798|Q16696|P24462|P13584|Q86W10|P05177|P11511|P10632|Q96SQ9|P51589|P20853|P11509|Q07343|P08684|P11712|P33261|P05181|Q9HB55|Q16678|P10635|P33260|P24903|Q8N118|P20813|P20815|P04798|Q16696|P24462|P13584|Q86W10|P05177|P11511|P10632|Q96SQ9|P51589|P20853|P11509|Q07343|P08684|P11712|P33261|P05181|Q9HB55|Q16678|P10635|P33260|P24903|Q8N118|P20813|P20815|P04798|Q16696|P24462|P13584|Q86W10|P05177|P11511|P10632|Q96SQ9|P51589|P20853|P11509|Q07343|P08684|P11712|P33261|P05181|Q9HB55|Q16678|P10635|P33260|P24903|Q8N118|P20813|P20815|P04798|Q16696|P24462|P13584|Q86W10|P05177|P11511|P10632|Q96SQ9|P51589|P20853|P11509|Q07343|P08684|P11712|P33261|P05181|Q9HB55|Q16678|P10635|P33260|P24903|Q8N118|P20813|P20815|P04798|Q16696|P24462|P13584|Q86W10|P05177|P11511|P10632|Q96SQ9|P51589|P20853|P11509
HMDB0001870,P38571|P22309|P23141|O00748|P14621|P07311|Q6IB77|Q6NT32
HMDB0001893,P09601|P23743|P48506|P21266|P78417|P09210|P09211|O15269|P09917|P17252|P05771|P15559|P49638|O75469|P00441|P67775|P62714|Q9UDX4|Q9UDX3|P09601|P23743|P48506|P21266|P78417|P09210|P09211|O15269|P09917|P17252|P05771|P15559|P49638|O75469|P00441|P67775|P62714|Q9UDX4|Q9UDX3|P09601|P23743|P48506|P21266|P78417|P09210|P09211|O15269|P09917|P17252|P05771|P15559|P49638|O75469|P00441|P67775|P62714|Q9UDX4|Q9UDX3|P09601|P23743|P48506|P21266|P78417|P09210|P09211|O15269|P09917|P17252|P05771|P15559|P49638|O75469|P00441|P67775|P62714|Q9UDX4|Q9UDX3|P09601|P23743|P48506|P21266|P78417|P09210|P09211|O15269|P09917|P17252|P05771|P15559|P49638|O75469|P00441|P67775|P62714|Q9UDX4|Q9UDX3|P09601|P23743|P48506|P21266|P78417|P09210|P09211|O15269|P09917|P17252|P05771|P15559|P49638|O75469|P00441|P67775|P62714|Q9UDX4|Q9UDX3|P09601|P23743|P48506|P21266|P78417|P09210|P09211|O15269|P09917|P17252|P05771|P15559|P49638|O75469|P00441|P67775|P62714|Q9UDX4|Q9UDX3|P09601|P23743|P48506|P21266|P78417|P09210|P09211|O15269|P09917|P17252|P05771|P15559|P49638|O75469|P00441|P67775|P62714|Q9UDX4|Q9UDX3|P09601|P23743|P48506|P21266|P78417|P09210|P09211|O15269|P09917|P17252|P05771|P15559|P49638|O75469|P00441|P67775|P62714|Q9UDX4|Q9UDX3|P09601|P23743|P48506|P21266|P78417|P09210|P09211|O15269|P09917|P17252|P05771|P15559|P49638|O75469|P00441|P67775|P62714|Q9UDX4|Q9UDX3|P09601|P23743|P48506|P21266|P78417|P09210|P09211|O15269|P09917|P17252|P05771|P15559|P49638|O75469|P00441|P67775|P62714|Q9UDX4|Q9UDX3|P09601|P23743|P48506|P21266|P78417|P09210|P09211|O15269|P09917|P17252|P05771|P15559|P49638|O75469|P00441|P67775|P62714|Q9UDX4|Q9UDX3|P09601|P23743|P48506|P21266|P78417|P09210|P09211|O15269|P09917|P17252|P05771|P15559|P49638|O75469|P00441|P67775|P62714|Q9UDX4|Q9UDX3|P09601|P23743|P48506|P21266|P78417|P09210|P09211|O15269|P09917|P17252|P05771|P15559|P49638|O75469|P00441|P67775|P62714|Q9UDX4|Q9UDX3|P09601|P23743|P48506|P21266|P78417|P09210|P09211|O15269|P09917|P17252|P05771|P15559|P49638|O75469|P00441|P67775|P62714|Q9UDX4|Q9UDX3
HMDB0001999,Q14032|O60488|O95573|P35354|P23219|O00154|P49753|Q8N9L9|O14734|O14842|P37231|Q8NER1|Q03181|O60427|P32418|Q86TX2
HMDB0002183,O00154|P49753|Q8N9L9|Q7Z449|Q86TX2|O00154|P49753|Q8N9L9|Q7Z449|Q86TX2|O00154|P49753|Q8N9L9|Q7Z449|Q86TX2|O00154|P49753|Q8N9L9|Q7Z449|Q86TX2|O00154|P49753|Q8N9L9|Q7Z449|Q86TX2|O00154|P49753|Q8N9L9|Q7Z449|Q86TX2|O00154|P49753|Q8N9L9|Q7Z449|Q86TX2|O00154|P49753|Q8N9L9|Q7Z449|Q86TX2|O00154|P49753|Q8N9L9|Q7Z449|Q86TX2|O00154|P49753|Q8N9L9|Q7Z449|Q86TX2|O00154|P49753|Q8N9L9|Q7Z449|Q86TX2|O00154|P49753|Q8N9L9|Q7Z449|Q86TX2|O00154|P49753|Q8N9L9|Q7Z449|Q86TX2|O00154|P49753|Q8N9L9|Q7Z449|Q86TX2|O00154|P49753|Q8N9L9|Q7Z449|Q86TX2
HMDB0002329,P12931|O94956|P12931|O94956|P12931|O94956|P12931|O94956|P12931|O94956|P12931|O94956|P12931|O94956|P12931|O94956|P12931|O94956|P12931|O94956|P12931|O94956|P12931|O94956|P12931|O94956|P12931|O94956|P12931|O94956
HMDB0002350,O00116|Q8WVX9|Q96K12|Q58HT5|Q6E213
HMDB0002434,P14679|Q15166|P27169|Q15165|P16083|P22309|P15559
HMDB0002712,Q96JD6|Q96JD6|Q96JD6|Q96JD6|Q96JD6|Q96JD6|Q96JD6|Q96JD6|Q96JD6|Q96JD6|Q96JD6|Q96JD6|Q96JD6|Q96JD6|Q96JD6
HMDB0002985,P12429|P29218|O14732|Q13496|Q9NPH2|Q9NX62|Q9HCC8
HMDB0003156,Q9BQB6|Q9BQB6|Q9BQB6|Q9BQB6|Q9BQB6|Q9BQB6|Q9BQB6|Q9BQB6|Q9BQB6|Q9BQB6|Q9BQB6|Q9BQB6|Q9BQB6|Q9BQB6|Q9BQB6
HMDB0003229,Q9NV23
HMDB0003290,Q15493|Q9Y2S2|Q15493|Q9Y2S2|Q15493|Q9Y2S2|Q15493|Q9Y2S2|Q15493|Q9Y2S2|Q15493|Q9Y2S2|Q15493|Q9Y2S2|Q15493|Q9Y2S2|Q15493|Q9Y2S2|Q15493|Q9Y2S2|Q15493|Q9Y2S2|Q15493|Q9Y2S2|Q15493|Q9Y2S2|Q15493|Q9Y2S2|Q15493|Q9Y2S2
HMDB0003337,P00390|P30041|P15144|Q96SL4|O75715|P78417|P59796|P07203|P36969|P22352|Q9H4Y5|P18283|O95881|Q8TED1
HMDB0003349,Q02127|P27708
HMDB0003424,O00116|Q8WVX9|Q96K12|Q58HT5|Q6E213
HMDB0003911,Q9UBR1
HMDB0004825,P08913|P18089|P08913|P18089|P08913|P18089|P08913|P18089|P08913|P18089|P08913|P18089|P08913|P18089|P08913|P18089|P08913|P18089|P08913|P18089|P08913|P18089|P08913|P18089|P08913|P18089|P08913|P18089|P08913|P18089
HMDB0006029,Q03154|Q03154|Q03154|Q03154|Q03154|Q03154|Q03154|Q03154|Q03154|Q03154|Q03154|Q03154|Q03154|Q03154|Q03154
HMDB0011143,Q99685
HMDB0013674,P22309
HMDB0015109,Q15166|P00813|P05177|P11511|Q15166|P00813|P05177|P11511|Q15166|P00813|P05177|P11511|Q15166|P00813|P05177|P11511|Q15166|P00813|P05177|P11511|Q15166|P00813|P05177|P11511|Q15166|P00813|P05177|P11511|Q15166|P00813|P05177|P11511|Q15166|P00813|P05177|P11511|Q15166|P00813|P05177|P11511|Q15166|P00813|P05177|P11511|Q15166|P00813|P05177|P11511|Q15166|P00813|P05177|P11511|Q15166|P00813|P05177|P11511|Q15166|P00813|P05177|P11511
HMDB0041627,P09848|O60909|P00709|P15291|P16278
HMDB0060475,P17174|P00505
HMDB0242149,Q7Z4W1|Q00796
